train/iter,train/epoch_f,train/loss,train/lr
49,0.002700658960786432,0.4913303676247597,2.5e-06
99,0.005401317921572864,0.40031730741262433,5e-06
149,0.008101976882359295,0.3374276055395603,7.5e-06
199,0.010802635843145728,0.2685423269867897,1e-05
249,0.01350329480393216,0.2923652505874634,1.25e-05
299,0.01620395376471859,0.24564978882670402,1.5e-05
349,0.018904612725505022,0.2616979919373989,1.75e-05
399,0.021605271686291457,0.2004990203678608,2e-05
449,0.024305930647077888,0.2386653293669224,2.25e-05
499,0.02700658960786432,0.22612906232476235,2.5e-05
549,0.02970724856865075,0.25157939225435255,2.7500000000000004e-05
599,0.03240790752943718,0.22350285142660142,3e-05
649,0.03510856649022361,0.2225010223686695,3.2500000000000004e-05
699,0.037809225451010044,0.20977915093302726,3.5e-05
749,0.04050988441179648,0.23996926948428154,3.7500000000000003e-05
799,0.04321054337258291,0.1945468980073929,4e-05
849,0.045911202333369344,0.21340301185846328,4.25e-05
899,0.048611861294155775,0.23611464902758597,4.5e-05
949,0.05131252025494221,0.18971406787633896,4.75e-05
999,0.05401317921572864,0.22580872267484664,5e-05
1049,0.05671383817651507,0.2199495467543602,4.9999987662995626e-05
1099,0.0594144971373015,0.2464928634464741,4.999995065199604e-05
1149,0.06211515609808793,0.22907810792326927,4.999988896704181e-05
1199,0.06481581505887436,0.19966856777668,4.99998026082006e-05
1249,0.0675164740196608,0.19518602043390273,4.9999691575567104e-05
1299,0.07021713298044722,0.17749890476465224,4.999955586926309e-05
1349,0.07291779194123366,0.20945225447416305,4.999939548943737e-05
1399,0.07561845090202009,0.2030411620438099,4.999921043626582e-05
1449,0.07831910986280652,0.21402865573763846,4.999900070995137e-05
1499,0.08101976882359296,0.20244074679911137,4.999876631072403e-05
1549,0.0837204277843794,0.19273305475711822,4.999850723884082e-05
1599,0.08642108674516583,0.20504757836461068,4.9998223494585866e-05
1649,0.08912174570595226,0.17922896176576614,4.9997915078270316e-05
1699,0.09182240466673869,0.17280520588159562,4.99975819902324e-05
1749,0.09452306362752512,0.2126533007621765,4.9997224230837365e-05
1799,0.09722372258831155,0.1774992048740387,4.9996841800477564e-05
1849,0.09992438154909798,0.19824915558099745,4.9996434699572366e-05
1899,0.10262504050988441,0.17944328844547272,4.99960029285682e-05
1949,0.10532569947067084,0.18170852050185204,4.999554648793858e-05
1999,0.10802635843145728,0.1862648257613182,4.9995065378184025e-05
2049,0.1107270173922437,0.17619556739926337,4.999455959983215e-05
2099,0.11342767635303014,0.1624024097621441,4.9994029153437574e-05
2149,0.11612833531381657,0.19090392410755158,4.9993474039582037e-05
2199,0.118828994274603,0.15248509824275971,4.999289425887425e-05
2249,0.12152965323538943,0.17866188764572144,4.999228981195004e-05
2299,0.12423031219617586,0.20014018550515175,4.999166069947225e-05
2349,0.1269309711569623,0.18417383790016173,4.999100692213077e-05
2399,0.12963163011774873,0.1852201983332634,4.999032848064256e-05
2449,0.13233228907853517,0.19788860455155372,4.9989625375751617e-05
2499,0.1350329480393216,0.1612935348600149,4.9988897608228966e-05
2549,0.13773360700010803,0.16776105016469955,4.99881451788727e-05
2599,0.14043426596089445,0.18745829328894614,4.998736808850795e-05
2649,0.1431349249216809,0.1686399094760418,4.998656633798689e-05
2699,0.1458355838824673,0.15941308841109275,4.9985739928188744e-05
2749,0.14853624284325376,0.18469260692596434,4.998488886001976e-05
2799,0.15123690180404017,0.15135993018746377,4.998401313441326e-05
2849,0.15393756076482662,0.18504404589533807,4.998311275232957e-05
2899,0.15663821972561304,0.16924411579966545,4.998218771475605e-05
2949,0.15933887868639948,0.19282177969813347,4.998123802270715e-05
2999,0.16203953764718593,0.13405076310038566,4.9980263677224314e-05
3049,0.16474019660797234,0.16758030451834202,4.997926467937602e-05
3099,0.1674408555687588,0.16117049247026444,4.9978241030257813e-05
3149,0.1701415145295452,0.17198998890817166,4.997719273099222e-05
3199,0.17284217349033165,0.16844366252422333,4.997611978272885e-05
3249,0.17554283245111807,0.16167823761701583,4.9975022186644335e-05
3299,0.17824349141190451,0.17292778372764586,4.997389994394228e-05
3349,0.18094415037269093,0.17939113408327104,4.99727530558534e-05
3399,0.18364480933347738,0.15669871121644974,4.99715815236354e-05
3449,0.1863454682942638,0.15526420406997204,4.997038534857298e-05
3499,0.18904612725505024,0.1612141764163971,4.9969164531977915e-05
3549,0.19174678621583666,0.1722414404153824,4.9967919075188965e-05
3599,0.1944474451766231,0.15576398491859436,4.996664897957195e-05
3649,0.19714810413740952,0.1541513669490814,4.9965354246519665e-05
3699,0.19984876309819596,0.14625456169247628,4.9964034877451944e-05
3749,0.20254942205898238,0.15951817497611046,4.9962690873815636e-05
3799,0.20525008101976883,0.15828867219388484,4.996132223708462e-05
3849,0.20795073998055524,0.16924655690789223,4.995992896875977e-05
3899,0.2106513989413417,0.16457626156508923,4.9958511070368966e-05
3949,0.2133520579021281,0.13756510384380818,4.995706854346711e-05
3999,0.21605271686291455,0.15627044074237348,4.9955601389636114e-05
4049,0.218753375823701,0.15034650698304175,4.995410961048489e-05
4099,0.2214540347844874,0.13754102617502212,4.9952593207649355e-05
4149,0.22415469374527386,0.15564994491636752,4.995105218279244e-05
4199,0.22685535270606028,0.18677880764007568,4.994948653760405e-05
4249,0.22955601166684672,0.14843311443924903,4.994789627380112e-05
4299,0.23225667062763314,0.1664448295533657,4.994628139312757e-05
4349,0.23495732958841958,0.15160434395074845,4.994464189735431e-05
4399,0.237657988549206,0.17848245568573476,4.994297778827924e-05
4449,0.24035864750999245,0.1822191821038723,4.994128906772729e-05
4499,0.24305930647077886,0.13752202287316323,4.993957573755031e-05
4549,0.2457599654315653,0.1321299144625664,4.99378377996272e-05
4599,0.24846062439235173,0.15203186988830567,4.9936075255863814e-05
4649,0.25116128335313814,0.1664908054471016,4.9934288108193004e-05
4699,0.2538619423139246,0.1742639347910881,4.993247635857459e-05
4749,0.25656260127471103,0.1398467880487442,4.9930640008995384e-05
4799,0.25926326023549745,0.1297404133528471,4.992877906146916e-05
4849,0.26196391919628387,0.1540657565742731,4.9926893518036676e-05
4899,0.26466457815707034,0.18001894220709802,4.992498338076567e-05
4949,0.26736523711785676,0.13587706841528416,4.992304865175085e-05
4999,0.2700658960786432,0.15950874462723733,4.992108933311385e-05
5049,0.27276655503942965,0.15290421575307847,4.9919105427003324e-05
5099,0.27546721400021607,0.17552018508315087,4.991709693559488e-05
5149,0.2781678729610025,0.1506554080545902,4.991506386109106e-05
5199,0.2808685319217889,0.14382153891026975,4.991300620572138e-05
5249,0.2835691908825754,0.14322093442082406,4.991092397174232e-05
5299,0.2862698498433618,0.18674032770097257,4.990881716143729e-05
5349,0.2889705088041482,0.14026287831366063,4.990668577711668e-05
5399,0.2916711677649346,0.14290143661201,4.9904529821117814e-05
5449,0.2943718267257211,0.1446705074608326,4.9902349295804944e-05
5499,0.2970724856865075,0.13276263818144798,4.9900144203569306e-05
5549,0.29977314464729393,0.15908432863652705,4.9897914546829035e-05
5599,0.30247380360808035,0.1384329267591238,4.9895660328029245e-05
5649,0.3051744625688668,0.13050951763987542,4.989338154964194e-05
5699,0.30787512152965324,0.15236694917082785,4.9891078214166095e-05
5749,0.31057578049043966,0.13415591821074485,4.98887503241276e-05
5799,0.3132764394512261,0.17926132276654244,4.988639788207926e-05
5849,0.31597709841201255,0.1307517272233963,4.988402089060082e-05
5899,0.31867775737279896,0.164612041041255,4.9881619352298945e-05
5949,0.3213784163335854,0.1336626474559307,4.987919326980723e-05
5999,0.32407907529437185,0.16162801057100296,4.987674264578615e-05
6049,0.32677973425515827,0.136579677015543,4.9874267482923124e-05
6099,0.3294803932159447,0.14058854892849923,4.987176778393248e-05
6149,0.3321810521767311,0.15134806469082832,4.986924355155543e-05
6199,0.3348817111375176,0.13427318431437016,4.9866694788560106e-05
6249,0.337582370098304,0.1341026872396469,4.986412149774155e-05
6299,0.3402830290590904,0.13066261120140552,4.986152368192168e-05
6349,0.34298368801987683,0.1374523053318262,4.985890134394932e-05
6399,0.3456843469806633,0.12131302461028098,4.985625448670019e-05
6449,0.3483850059414497,0.13466593489050865,4.985358311307689e-05
6499,0.35108566490223614,0.14844311244785785,4.985088722600892e-05
6549,0.35378632386302256,0.15184565737843514,4.984816682845264e-05
6599,0.35648698282380903,0.12720494888722897,4.98454219233913e-05
6649,0.35918764178459545,0.11632936298847199,4.984265251383502e-05
6699,0.36188830074538186,0.11626878120005131,4.983985860282081e-05
6749,0.3645889597061683,0.1313660103082657,4.9837040193412527e-05
6799,0.36728961866695475,0.1254842211306095,4.9834197288700904e-05
6849,0.36999027762774117,0.15096643172204494,4.983132989180354e-05
6899,0.3726909365885276,0.15406911931931971,4.982843800586487e-05
6949,0.375391595549314,0.1272221542149782,4.9825521634056226e-05
6999,0.3780922545101005,0.1372321930527687,4.9822580779575757e-05
7049,0.3807929134708869,0.13871774077415466,4.981961544564846e-05
7099,0.3834935724316733,0.12330054998397827,4.9816625635526206e-05
7149,0.3861942313924598,0.14887171909213065,4.981361135248767e-05
7199,0.3888948903532462,0.11604046143591404,4.981057259983839e-05
7249,0.3915955493140326,0.11915734462440014,4.980750938091074e-05
7299,0.39429620827481904,0.1320055627077818,4.9804421699063906e-05
7349,0.3969968672356055,0.12458212725818157,4.980130955768391e-05
7399,0.39969752619639193,0.13185897178947925,4.979817296018359e-05
7449,0.40239818515717835,0.11857807829976082,4.979501191000262e-05
7499,0.40509884411796476,0.12765526711940767,4.9791826410607486e-05
7549,0.40779950307875124,0.14793660923838614,4.978861646549146e-05
7599,0.41050016203953765,0.13253237053751946,4.978538207817465e-05
7649,0.41320082100032407,0.12920267567038535,4.978212325220397e-05
7699,0.4159014799611105,0.13542610578238964,4.97788399911531e-05
7749,0.41860213892189696,0.12295153364539146,4.977553229862255e-05
7799,0.4213027978826834,0.13644715368747712,4.977220017823961e-05
7849,0.4240034568434698,0.14452816206961872,4.976884363365835e-05
7899,0.4267041158042562,0.11757596120238305,4.976546266855965e-05
7949,0.4294047747650427,0.12523995615541936,4.976205728665114e-05
7999,0.4321054337258291,0.12769711017608643,4.975862749166724e-05
8049,0.4348060926866155,0.13530652835965157,4.975517328736914e-05
8099,0.437506751647402,0.1215339633822441,4.975169467754481e-05
8149,0.4402074106081884,0.13256468527019025,4.974819166600895e-05
8199,0.4429080695689748,0.1253318787366152,4.974466425660307e-05
8249,0.44560872852976124,0.1290067556500435,4.974111245319538e-05
8299,0.4483093874905477,0.12180120773613452,4.973753625968089e-05
8349,0.45101004645133413,0.1612347948551178,4.973393567998132e-05
8399,0.45371070541212055,0.15224343657493591,4.9730310718045145e-05
8449,0.45641136437290697,0.13099622800946237,4.972666137784759e-05
8499,0.45911202333369344,0.12748722217977046,4.97229876633906e-05
8549,0.46181268229447986,0.1434301696717739,4.971928957870286e-05
8599,0.4645133412552663,0.14666943088173867,4.9715567127839754e-05
8649,0.4672140002160527,0.13570645838975906,4.9711820314883436e-05
8699,0.46991465917683917,0.12698835134506226,4.970804914394272e-05
8749,0.4726153181376256,0.11483019530773163,4.970425361915316e-05
8799,0.475315977098412,0.14108947336673736,4.970043374467703e-05
8849,0.4780166360591984,0.12623472407460212,4.9696589524703285e-05
8899,0.4807172950199849,0.11957479394972324,4.969272096344757e-05
8949,0.4834179539807713,0.1327163003385067,4.968882806515226e-05
8999,0.4861186129415577,0.12748899035155772,4.9684910834086364e-05
9049,0.4888192719023442,0.12396043248474597,4.968096927454563e-05
9099,0.4915199308631306,0.12699297368526458,4.967700339085246e-05
9149,0.49422058982391703,0.12511926777660848,4.967301318735593e-05
9199,0.49692124878470345,0.11612189643085002,4.966899866843177e-05
9249,0.4996219077454899,0.12060766220092774,4.9664959838482415e-05
9299,0.5023225667062763,0.11980658128857613,4.966089670193693e-05
9349,0.5050232256670628,0.1483332522958517,4.9656809263251037e-05
9399,0.5077238846278492,0.11955198734998702,4.965269752690713e-05
9449,0.5104245435886356,0.11931651227176189,4.96485614974142e-05
9499,0.5131252025494221,0.13116273321211339,4.964440117930794e-05
9549,0.5158258615102085,0.11830267325043678,4.964021657715064e-05
9599,0.5185265204709949,0.14585359819233418,4.963600769553124e-05
9649,0.5212271794317813,0.13258757695555687,4.963177453906527e-05
9699,0.5239278383925677,0.11751464724540711,4.962751711239492e-05
9749,0.5266284973533543,0.1252408616989851,4.962323542018899e-05
9799,0.5293291563141407,0.137068250477314,4.961892946714285e-05
9849,0.5320298152749271,0.1293149396032095,4.9614599257978536e-05
9899,0.5347304742357135,0.13131722636520862,4.961024479744464e-05
9949,0.5374311331964999,0.11673392526805401,4.9605866090316364e-05
9999,0.5401317921572864,0.12629505358636378,4.9601463141395496e-05
10049,0.5428324511180728,0.11556107394397258,4.959703595551041e-05
10099,0.5455331100788593,0.11257717981934548,4.959258453751607e-05
10149,0.5482337690396457,0.11739181645214558,4.958810889229398e-05
10199,0.5509344280004321,0.13677115961909295,4.958360902475224e-05
10249,0.5536350869612185,0.11037164583802223,4.957908493982551e-05
10299,0.556335745922005,0.12103012934327126,4.9574536642475015e-05
10349,0.5590364048827914,0.12088059358298779,4.9569964137688515e-05
10399,0.5617370638435778,0.11646163195371628,4.9565367430480305e-05
10449,0.5644377228043642,0.11910792589187622,4.956074652589125e-05
10499,0.5671383817651507,0.108890820145607,4.955610142898874e-05
10549,0.5698390407259372,0.13298721119761467,4.95514321448667e-05
10599,0.5725396996867236,0.13654350139200688,4.954673867864556e-05
10649,0.57524035864751,0.12051946245133877,4.954202103547229e-05
10699,0.5779410176082964,0.1333594048023224,4.9537279220520346e-05
10749,0.5806416765690828,0.1237659888714552,4.953251323898973e-05
10799,0.5833423355298692,0.11706642389297485,4.952772309610692e-05
10849,0.5860429944906557,0.13384975105524063,4.9522908797124894e-05
10899,0.5887436534514422,0.12269009612500667,4.951807034732312e-05
10949,0.5914443124122286,0.11399119570851327,4.951320775200756e-05
10999,0.594144971373015,0.10777102939784527,4.950832101651063e-05
11049,0.5968456303338014,0.13959933243691922,4.9503410146191244e-05
11099,0.5995462892945879,0.11466458968818188,4.949847514643477e-05
11149,0.6022469482553743,0.12206503361463547,4.949351602265305e-05
11199,0.6049476072161607,0.12147488556802273,4.948853278028436e-05
11249,0.6076482661769472,0.12632273346185685,4.948352542479344e-05
11299,0.6103489251377336,0.13223717734217644,4.947849396167146e-05
11349,0.6130495840985201,0.1246710652858019,4.9473438396436055e-05
11399,0.6157502430593065,0.12794425792992115,4.946835873463126e-05
11449,0.6184509020200929,0.11810786843299866,4.946325498182755e-05
11499,0.6211515609808793,0.1282550848275423,4.9458127143621816e-05
11549,0.6238522199416657,0.11078223168849945,4.945297522563737e-05
11599,0.6265528789024521,0.10874974317848682,4.94477992335239e-05
11649,0.6292535378632387,0.10348137125372886,4.9442599172957525e-05
11699,0.6319541968240251,0.12212772481143475,4.9437375049640766e-05
11749,0.6346548557848115,0.18345778912305832,4.943212686930249e-05
11799,0.6373555147455979,0.15912762157618998,4.942685463769799e-05
11849,0.6400561737063843,0.1303607378900051,4.94215583606089e-05
11899,0.6427568326671708,0.12246267162263394,4.9416238043843246e-05
11949,0.6454574916279572,0.1274134586006403,4.94108936932354e-05
11999,0.6481581505887437,0.1406065671890974,4.9405525314646104e-05
12049,0.6508588095495301,0.12610793463885783,4.9400132913962444e-05
12099,0.6535594685103165,0.10535296067595482,4.9394716497097853e-05
12149,0.656260127471103,0.12740549996495246,4.938927606999209e-05
12199,0.6589607864318894,0.10890391565859318,4.938381163861123e-05
12249,0.6616614453926758,0.11649330049753188,4.9378323208947725e-05
12299,0.6643621043534622,0.11876584470272064,4.9372810787020294e-05
12349,0.6670627633142486,0.11577764108777046,4.9367274378873995e-05
12399,0.6697634222750352,0.12481155186891556,4.9361713990580164e-05
12449,0.6724640812358216,0.11073196992278099,4.9356129628236455e-05
12499,0.675164740196608,0.11717260353267193,4.935052129796681e-05
12549,0.6778653991573944,0.12057465925812721,4.934488900592145e-05
12599,0.6805660581181808,0.11478341996669769,4.933923275827687e-05
12649,0.6832667170789672,0.12440513662993907,4.933355256123584e-05
12699,0.6859673760397537,0.10696507640182971,4.9327848421027386e-05
12749,0.6886680350005401,0.11180408768355847,4.932212034390681e-05
12799,0.6913686939613266,0.13413274563848973,4.931636833615563e-05
12849,0.694069352922113,0.1382867492735386,4.9310592404081655e-05
12899,0.6967700118828994,0.12015554487705231,4.9304792554018895e-05
12949,0.6994706708436859,0.12293240927159786,4.9298968792327584e-05
12999,0.7021713298044723,0.1321693231910467,4.9293121125394203e-05
13049,0.7048719887652587,0.12266675852239133,4.928724955963143e-05
13099,0.7075726477260451,0.1362768717110157,4.928135410147816e-05
13149,0.7102733066868316,0.1307546665519476,4.927543475739947e-05
13199,0.7129739656476181,0.15460637658834459,4.926949153388668e-05
13249,0.7156746246084045,0.1256978475302458,4.926352443745723e-05
13299,0.7183752835691909,0.11660319931805134,4.925753347465479e-05
13349,0.7210759425299773,0.11967874608933926,4.925151865204918e-05
13399,0.7237766014907637,0.11313746452331543,4.9245479976236396e-05
13449,0.7264772604515501,0.10586296655237674,4.923941745383858e-05
13499,0.7291779194123366,0.14470396108925343,4.9233331091504034e-05
13549,0.7318785783731231,0.13150965802371503,4.9227220895907206e-05
13599,0.7345792373339095,0.10929842136800288,4.922108687374866e-05
13649,0.7372798962946959,0.11383684031665325,4.9214929031755124e-05
13699,0.7399805552554823,0.12143766224384307,4.9208747376679405e-05
13749,0.7426812142162688,0.11031307861208915,4.920254191530046e-05
13799,0.7453818731770552,0.11629230782389641,4.9196312654423335e-05
13849,0.7480825321378416,0.11927982717752457,4.919005960087917e-05
13899,0.750783191098628,0.1426417426764965,4.918378276152522e-05
13949,0.7534838500594145,0.13915138088166715,4.91774821432448e-05
13999,0.756184509020201,0.11272976994514465,4.917115775294731e-05
14049,0.7588851679809874,0.1226952102780342,4.916480959756823e-05
14099,0.7615858269417738,0.117518560141325,4.915843768406907e-05
14149,0.7642864859025602,0.11189469143748283,4.915204201943743e-05
14199,0.7669871448633466,0.11127838656306267,4.914562261068693e-05
14249,0.769687803824133,0.1275286466628313,4.913917946485725e-05
14299,0.7723884627849196,0.10221418038010598,4.91327125890141e-05
14349,0.775089121745706,0.10812508262693882,4.912622199024917e-05
14399,0.7777897807064924,0.1030062235891819,4.9119707675680224e-05
14449,0.7804904396672788,0.11394957147538662,4.911316965245099e-05
14499,0.7831910986280652,0.1178424421697855,4.910660792773122e-05
14549,0.7858917575888517,0.12230385974049568,4.910002250871665e-05
14599,0.7885924165496381,0.11513880297541618,4.909341340262901e-05
14649,0.7912930755104245,0.10961234882473946,4.9086780616715965e-05
14699,0.793993734471211,0.11684520330280065,4.90801241582512e-05
14749,0.7966943934319974,0.11206221625208855,4.9073444034534344e-05
14799,0.7993950523927839,0.10270449481904506,4.9066740252890955e-05
14849,0.8020957113535703,0.11866407364606857,4.9060012820672564e-05
14899,0.8047963703143567,0.10374880425631999,4.9053261745256626e-05
14949,0.8074970292751431,0.10469249464571476,4.90464870340465e-05
14999,0.8101976882359295,0.10678442720323801,4.903968869447152e-05
15049,0.812898347196716,0.11799543894827366,4.903286673398687e-05
15099,0.8155990061575025,0.10420914612710476,4.902602116007369e-05
15149,0.8182996651182889,0.10809133686125279,4.9019151980238974e-05
15199,0.8210003240790753,0.10651394709944725,4.901225920201563e-05
15249,0.8237009830398617,0.10553413651883602,4.900534283296243e-05
15299,0.8264016420006481,0.12069539625197649,4.8998402880664025e-05
15349,0.8291023009614346,0.12418522462248802,4.899143935273091e-05
15399,0.831802959922221,0.10967594012618065,4.898445225679947e-05
15449,0.8345036188830075,0.11553090572357178,4.89774416005319e-05
15499,0.8372042778437939,0.1121520160138607,4.897040739161623e-05
15549,0.8399049368045803,0.11528212949633598,4.8963349637766356e-05
15599,0.8426055957653668,0.1279180409014225,4.895626834672196e-05
15649,0.8453062547261532,0.10981020964682102,4.894916352624855e-05
15699,0.8480069136869396,0.10860621646046638,4.894203518413743e-05
15749,0.850707572647726,0.12117141969501972,4.8934883328205695e-05
15799,0.8534082316085124,0.11693105712532997,4.892770796629624e-05
15849,0.856108890569299,0.1065446387976408,4.892050910627773e-05
15899,0.8588095495300854,0.11913726016879082,4.891328675604459e-05
15949,0.8615102084908718,0.11372404962778092,4.890604092351702e-05
15999,0.8642108674516582,0.12346119105815888,4.889877161664096e-05
16049,0.8669115264124446,0.10653827920556068,4.8891478843388094e-05
16099,0.869612185373231,0.11142585381865501,4.888416261175585e-05
16149,0.8723128443340175,0.11853932328522206,4.8876822929767364e-05
16199,0.875013503294804,0.11056603945791721,4.8869459805471505e-05
16249,0.8777141622555904,0.11455752111971379,4.886207324694284e-05
16299,0.8804148212163768,0.10246301636099815,4.885466326228163e-05
16349,0.8831154801771632,0.10247923202812671,4.8847229859613834e-05
16399,0.8858161391379497,0.09982985429465771,4.88397730470911e-05
16449,0.8885167980987361,0.1188267170637846,4.883229283289072e-05
16499,0.8912174570595225,0.11132667928934098,4.882478922521568e-05
16549,0.8939181160203089,0.10971843928098679,4.88172622322946e-05
16599,0.8966187749810954,0.12913829639554023,4.880971186238175e-05
16649,0.8993194339418819,0.12014879703521729,4.880213812375704e-05
16699,0.9020200929026683,0.1043857128173113,4.879454102472599e-05
16749,0.9047207518634547,0.11461443640291691,4.878692057361977e-05
16799,0.9074214108242411,0.11410930074751377,4.877927677879513e-05
16849,0.9101220697850275,0.10685223750770093,4.877160964863443e-05
16899,0.9128227287458139,0.09930597245693207,4.876391919154561e-05
16949,0.9155233877066004,0.11081944912672043,4.8756205415962206e-05
16999,0.9182240466673869,0.1094564850628376,4.874846833034332e-05
17049,0.9209247056281733,0.09638707704842091,4.8740707943173624e-05
17099,0.9236253645889597,0.11037828601896763,4.873292426296331e-05
17149,0.9263260235497461,0.11585272170603275,4.872511729824816e-05
17199,0.9290266825105326,0.10676892012357712,4.871728705758946e-05
17249,0.931727341471319,0.11275330945849418,4.870943354957402e-05
17299,0.9344280004321054,0.10901912994682789,4.8701556782814176e-05
17349,0.9371286593928919,0.10964355699717998,4.869365676594779e-05
17399,0.9398293183536783,0.10239626422524452,4.868573350763818e-05
17449,0.9425299773144648,0.09703332990407944,4.867778701657417e-05
17499,0.9452306362752512,0.12717870719730853,4.866981730147008e-05
17549,0.9479312952360376,0.11206014357507228,4.8661824371065654e-05
17599,0.950631954196824,0.11126373708248138,4.865380823412613e-05
17649,0.9533326131576104,0.1069946200400591,4.8645768899442196e-05
17699,0.9560332721183968,0.09864741571247578,4.8637706375829955e-05
17749,0.9587339310791834,0.0944130515307188,4.862962067213095e-05
17799,0.9614345900399698,0.10619485631585121,4.862151179721217e-05
17849,0.9641352490007562,0.10730769030749798,4.8613379759965963e-05
17899,0.9668359079615426,0.10495258003473282,4.860522456931013e-05
17949,0.969536566922329,0.09527218237519264,4.8597046234187806e-05
17999,0.9722372258831155,0.10168002255260944,4.8588844763567566e-05
18049,0.9749378848439019,0.10865404769778252,4.858062016644331e-05
18099,0.9776385438046884,0.10821750104427337,4.857237245183433e-05
18149,0.9803392027654748,0.1007536856085062,4.856410162878525e-05
18199,0.9830398617262612,0.11122066237032413,4.855580770636605e-05
18249,0.9857405206870476,0.10777996495366096,4.854749069367202e-05
18299,0.9884411796478341,0.1094315204769373,4.853915059982379e-05
18349,0.9911418386086205,0.10753843136131763,4.853078743396729e-05
18399,0.9938424975694069,0.1060816040635109,4.852240120527378e-05
18449,0.9965431565301933,0.09430276855826378,4.8513991922939756e-05
18499,0.9992438154909798,0.11909629926085472,4.850555959618704e-05
18549,1.0019444744517663,0.10401436865329743,4.849710423426272e-05
18599,1.0046451334125526,0.09933990091085435,4.8488625846439133e-05
18649,1.007345792373339,0.09027182996273041,4.848012444201386e-05
18699,1.0100464513341256,0.12601268768310547,4.8471600030309744e-05
18749,1.012747110294912,0.09782515116035938,4.846305262067485e-05
18799,1.0154477692556985,0.11635998025536537,4.845448222248246e-05
18849,1.0181484282164848,0.10153240617364645,4.844588884513106e-05
18899,1.0208490871772713,0.1018352048099041,4.843727249804434e-05
18949,1.0235497461380576,0.10260872840881348,4.8428633190671185e-05
18999,1.0262504050988441,0.10120887242257595,4.841997093248566e-05
19049,1.0289510640596307,0.10572062328457832,4.841128573298698e-05
19099,1.031651723020417,0.10249201357364654,4.840257760169956e-05
19149,1.0343523819812035,0.09999261118471622,4.839384654817289e-05
19199,1.0370530409419898,0.1170280833542347,4.838509258198167e-05
19249,1.0397536999027763,0.10696450486779213,4.83763157127257e-05
19299,1.0424543588635626,0.10519071385264396,4.8367515950029885e-05
19349,1.0451550178243492,0.10233170568943023,4.8358693303544234e-05
19399,1.0478556767851355,0.10569819390773773,4.834984778294388e-05
19449,1.050556335745922,0.09773043870925903,4.8340979397929e-05
19499,1.0532569947067085,0.1056100708246231,4.8332088158224885e-05
19549,1.0559576536674948,0.09690919645130634,4.8323174073581854e-05
19599,1.0586583126282814,0.09552160136401654,4.83142371537753e-05
19649,1.0613589715890677,0.10090684197843075,4.830527740860566e-05
19699,1.0640596305498542,0.10079694166779518,4.829629484789839e-05
19749,1.0667602895106405,0.10636000826954842,4.8287289481503954e-05
19799,1.069460948471427,0.10532529313117266,4.827826131929785e-05
19849,1.0721616074322136,0.11375807300209999,4.8269210371180574e-05
19899,1.0748622663929999,0.10942060470581055,4.826013664707759e-05
19949,1.0775629253537864,0.10122848115861416,4.825104015693934e-05
19999,1.0802635843145727,0.10167846627533436,4.824192091074126e-05
20049,1.0829642432753592,0.09314875163137913,4.823277891848372e-05
20099,1.0856649022361455,0.1147045523673296,4.822361419019202e-05
20149,1.088365561196932,0.09367548577487468,4.8214426735916416e-05
20199,1.0910662201577186,0.11541188284754753,4.820521656573209e-05
20249,1.093766879118505,0.10797489993274212,4.81959836897391e-05
20299,1.0964675380792914,0.11110577069222927,4.818672811806244e-05
20349,1.0991681970400777,0.09947031825780868,4.817744986085198e-05
20399,1.1018688560008643,0.0982215179502964,4.816814892828247e-05
20449,1.1045695149616506,0.09417427390813828,4.815882533055351e-05
20499,1.107270173922437,0.09856755159795284,4.814947907788958e-05
20549,1.1099708328832234,0.11646583870053291,4.814011018053998e-05
20599,1.11267149184401,0.11459877170622348,4.8130718648778874e-05
20649,1.1153721508047965,0.09144303239881993,4.81213044929052e-05
20699,1.1180728097655828,0.10259610034525395,4.811186772324277e-05
20749,1.1207734687263693,0.10572633668780326,4.8102408350140134e-05
20799,1.1234741276871556,0.08628019638359546,4.8092926383970646e-05
20849,1.1261747866479421,0.09111644715070724,4.808342183513247e-05
20899,1.1288754456087284,0.08792184226214886,4.8073894714048494e-05
20949,1.131576104569515,0.09971712321043015,4.806434503116638e-05
20999,1.1342767635303015,0.10603018626570701,4.805477279695852e-05
21049,1.1369774224910878,0.09519741706550121,4.804517802192206e-05
21099,1.1396780814518743,0.1207998126000166,4.8035560716578816e-05
21149,1.1423787404126606,0.10667820774018764,4.802592089147537e-05
21199,1.1450793993734472,0.0946862042695284,4.8016258557182957e-05
21249,1.1477800583342335,0.10457623034715652,4.800657372429752e-05
21299,1.15048071729502,0.0887167576700449,4.7996866403439667e-05
21349,1.1531813762558065,0.09042016990482807,4.798713660525465e-05
21399,1.1558820352165928,0.11414620473980903,4.7977384340412406e-05
21449,1.1585826941773794,0.09315714418888092,4.796760961960748e-05
21499,1.1612833531381657,0.09752212084829807,4.795781245355905e-05
21549,1.1639840120989522,0.09071824714541435,4.7947992853010906e-05
21599,1.1666846710597385,0.09701624631881714,4.7938150828731456e-05
21649,1.169385330020525,0.09130990885198116,4.792828639151367e-05
21699,1.1720859889813113,0.09820436917245388,4.791839955217513e-05
21749,1.1747866479420979,0.10276473656296731,4.790849032155796e-05
21799,1.1774873069028844,0.10263356000185013,4.789855871052885e-05
21849,1.1801879658636707,0.10207638449966908,4.7888604729979017e-05
21899,1.1828886248244572,0.10128318168222904,4.7878628390824244e-05
21949,1.1855892837852435,0.09816770426928997,4.7868629704004784e-05
21999,1.18828994274603,0.10889692351222038,4.7858608680485444e-05
22049,1.1909906017068164,0.08851630352437496,4.784856533125549e-05
22099,1.193691260667603,0.09512062013149261,4.783849966732869e-05
22149,1.1963919196283894,0.10150103025138378,4.7828411699743284e-05
22199,1.1990925785891757,0.10150022462010383,4.7818301439561966e-05
22249,1.2017932375499623,0.09984561659395695,4.780816889787187e-05
22299,1.2044938965107486,0.09277704104781151,4.7798014085784567e-05
22349,1.207194555471535,0.09911393098533154,4.778783701443607e-05
22399,1.2098952144323214,0.10496951043605804,4.777763769498676e-05
22449,1.212595873393108,0.09516270741820336,4.776741613862146e-05
22499,1.2152965323538945,0.09979608744382858,4.775717235654936e-05
22549,1.2179971913146808,0.09633438423275947,4.774690636000401e-05
22599,1.2206978502754673,0.09261812925338746,4.773661816024335e-05
22649,1.2233985092362536,0.09826021321117878,4.772630776854964e-05
22699,1.2260991681970401,0.09617932215332985,4.77159751962295e-05
22749,1.2287998271578264,0.1057673904299736,4.770562045461385e-05
22799,1.231500486118613,0.10143395088613033,4.769524355505795e-05
22849,1.2342011450793993,0.09853253483772278,4.768484450894132e-05
22899,1.2369018040401858,0.10278647936880589,4.767442332766781e-05
22949,1.2396024630009723,0.0839106684923172,4.766398002266551e-05
22999,1.2423031219617586,0.09285019211471081,4.765351460538679e-05
23049,1.2450037809225452,0.10747933648526668,4.7643027087308265e-05
23099,1.2477044398833315,0.09623175859451294,4.763251747993078e-05
23149,1.250405098844118,0.09891003519296646,4.762198579477941e-05
23199,1.2531057578049043,0.08916685760021209,4.7611432043403436e-05
23249,1.2558064167656908,0.08801024831831455,4.760085623737635e-05
23299,1.2585070757264774,0.0937428018450737,4.75902583882958e-05
23349,1.2612077346872637,0.08389625340700149,4.757963850778365e-05
23399,1.2639083936480502,0.10733875155448913,4.756899660748589e-05
23449,1.2666090526088365,0.09552790060639381,4.755833269907267e-05
23499,1.269309711569623,0.09225986056029796,4.7547646794238276e-05
23549,1.2720103705304093,0.08896790232509375,4.7536938904701105e-05
23599,1.2747110294911959,0.09469718050211667,4.752620904220368e-05
23649,1.2774116884519824,0.09321042641997337,4.751545721851261e-05
23699,1.2801123474127687,0.09718588963150979,4.750468344541858e-05
23749,1.2828130063735552,0.08714163705706596,4.7493887734736355e-05
23799,1.2855136653343415,0.08798440001904964,4.748307009830476e-05
23849,1.288214324295128,0.10215857721865178,4.747223054798665e-05
23899,1.2909149832559144,0.09823120765388012,4.746136909566894e-05
23949,1.293615642216701,0.08864528745412827,4.7450485753262525e-05
23999,1.2963163011774874,0.10028329402208329,4.743958053270233e-05
24049,1.2990169601382737,0.09108114957809449,4.7428653445947275e-05
24099,1.3017176190990603,0.1051207210123539,4.741770450498024e-05
24149,1.3044182780598466,0.09341536715626717,4.7406733721808096e-05
24199,1.307118937020633,0.09580627143383026,4.739574110846163e-05
24249,1.3098195959814194,0.09252572104334832,4.738472667699561e-05
24299,1.312520254942206,0.10702093172818422,4.7373690439488685e-05
24349,1.3152209139029922,0.0806704906001687,4.736263240804348e-05
24399,1.3179215728637788,0.09861206606030465,4.735155259478645e-05
24449,1.3206222318245653,0.10815282605588436,4.7340451011867986e-05
24499,1.3233228907853516,0.08783309869468212,4.7329327671462324e-05
24549,1.3260235497461381,0.09256738930940628,4.731818258576759e-05
24599,1.3287242087069244,0.08346141727641225,4.730701576700571e-05
24649,1.331424867667711,0.09476196192204953,4.729582722742248e-05
24699,1.3341255266284973,0.09877879023551941,4.7284616979287515e-05
24749,1.3368261855892838,0.09220961563289165,4.727338503489422e-05
24799,1.3395268445500703,0.09262936532497407,4.72621314065598e-05
24849,1.3422275035108566,0.09911222837865352,4.7250856106625244e-05
24899,1.3449281624716432,0.09184049531817436,4.7239559147455285e-05
24949,1.3476288214324295,0.09420595362782479,4.7228240541438434e-05
24999,1.350329480393216,0.09322784215211868,4.7216900300986936e-05
25049,1.3530301393540023,0.10414077796041965,4.7205538438536744e-05
25099,1.3557307983147888,0.08509755089879036,4.719415496654754e-05
25149,1.3584314572755753,0.09815622836351395,4.718274989750269e-05
25199,1.3611321162363617,0.09521953288465738,4.717132324390926e-05
25249,1.3638327751971482,0.08271169438958167,4.715987501829797e-05
25299,1.3665334341579345,0.10348485067486762,4.71484052332232e-05
25349,1.369234093118721,0.08950811836868525,4.713691390126299e-05
25399,1.3719347520795073,0.10609570287168026,4.712540103501898e-05
25449,1.3746354110402939,0.10718259625136853,4.711386664711646e-05
25499,1.3773360700010802,0.08812614627182484,4.7102310750204266e-05
25549,1.3800367289618667,0.09225372210144997,4.709073335695488e-05
25599,1.3827373879226532,0.08797273725271225,4.7079134480064326e-05
25649,1.3854380468834395,0.09563811108469963,4.70675141322522e-05
25699,1.388138705844226,0.10363920465111733,4.705587232626164e-05
25749,1.3908393648050124,0.08894737340509891,4.7044209074859305e-05
25799,1.3935400237657989,0.08883704632520675,4.703252439083539e-05
25849,1.3962406827265852,0.10224746242165565,4.7020818287003566e-05
25899,1.3989413416873717,0.11956677630543709,4.7009090776201026e-05
25949,1.4016420006481582,0.11410823322832585,4.6997341871288424e-05
25999,1.4043426596089446,0.10211856350302696,4.6985571585149876e-05
26049,1.407043318569731,0.08062083825469017,4.697377993069293e-05
26099,1.4097439775305174,0.08193691115826368,4.696196692084859e-05
26149,1.412444636491304,0.09755010217428207,4.6950132568571276e-05
26199,1.4151452954520902,0.09942305713891983,4.693827688683879e-05
26249,1.4178459544128768,0.0868570315092802,4.692639988865236e-05
26299,1.4205466133736633,0.10542874284088612,4.6914501587036566e-05
26349,1.4232472723344496,0.0937987982481718,4.690258199503934e-05
26399,1.4259479312952361,0.08405148431658745,4.6890641125731985e-05
26449,1.4286485902560224,0.09702746018767357,4.687867899220914e-05
26499,1.431349249216809,0.07904907904565334,4.6866695607588737e-05
26549,1.4340499081775953,0.08295502305030823,4.685469098501202e-05
26599,1.4367505671383818,0.08719897791743278,4.684266513764355e-05
26649,1.439451226099168,0.10105414308607578,4.6830618078671134e-05
26699,1.4421518850599546,0.09369685124605893,4.6818549821305846e-05
26749,1.4448525440207411,0.09023829888552427,4.6806460378782004e-05
26799,1.4475532029815275,0.08789991050958633,4.679434976435718e-05
26849,1.450253861942314,0.08773855157196522,4.6782217991312136e-05
26899,1.4529545209031003,0.08270948886871338,4.6770065072950854e-05
26949,1.4556551798638868,0.08956072196364402,4.6757891022600496e-05
26999,1.4583558388246731,0.09673476159572601,4.674569585361141e-05
27049,1.4610564977854597,0.08060068406164646,4.673347957935707e-05
27099,1.4637571567462462,0.08288121968507767,4.6721242213234145e-05
27149,1.4664578157070325,0.09312926664948463,4.670898376866239e-05
27199,1.469158474667819,0.10239975109696388,4.669670425908471e-05
27249,1.4718591336286053,0.09104031004011631,4.668440369796708e-05
27299,1.4745597925893918,0.08932314697653056,4.667208209879857e-05
27349,1.4772604515501782,0.09900987334549427,4.665973947509134e-05
27399,1.4799611105109647,0.10118708156049251,4.664737584038057e-05
27449,1.4826617694717512,0.08282020892947912,4.663499120822451e-05
27499,1.4853624284325375,0.09527886360883712,4.662258559220444e-05
27549,1.488063087393324,0.09243410646915436,4.661015900592463e-05
27599,1.4907637463541104,0.0931027066707611,4.6597711463012346e-05
27649,1.4934644053148969,0.09040780395269393,4.658524297711785e-05
27699,1.4961650642756832,0.0845785367488861,4.657275356191437e-05
27749,1.4988657232364697,0.09285203598439694,4.6560243231098086e-05
27799,1.501566382197256,0.08560751631855965,4.65477119983881e-05
27849,1.5042670411580426,0.0946983691304922,4.6535159877526454e-05
27899,1.506967700118829,0.0932407983392477,4.652258688227807e-05
27949,1.5096683590796154,0.10350783973932266,4.6509993026430804e-05
27999,1.512369018040402,0.09521712005138397,4.6497378323795345e-05
28049,1.5150696770011882,0.09028101295232772,4.648474278820526e-05
28099,1.5177703359619747,0.09047067806124687,4.647208643351698e-05
28149,1.520470994922761,0.08394651971757412,4.645940927360973e-05
28199,1.5231716538835476,0.10407764598727226,4.644671132238558e-05
28249,1.5258723128443341,0.112958170697093,4.643399259376939e-05
28299,1.5285729718051204,0.09346764534711838,4.64212531017088e-05
28349,1.531273630765907,0.09831146091222763,4.640849286017425e-05
28399,1.5339742897266933,0.09267192266881466,4.6395711883158866e-05
28449,1.5366749486874798,0.0971626517176628,4.638291018467859e-05
28499,1.539375607648266,0.08697700530290603,4.637008777877204e-05
28549,1.5420762666090526,0.09434392280876637,4.635724467950057e-05
28599,1.5447769255698391,0.08816629573702812,4.6344380900948195e-05
28649,1.5474775845306254,0.08946402445435524,4.6331496457221627e-05
28699,1.550178243491412,0.10065880909562111,4.631859136245025e-05
28749,1.5528789024521983,0.08562106132507324,4.630566563078609e-05
28799,1.5555795614129848,0.07652121044695377,4.629271927640377e-05
28849,1.5582802203737711,0.0897332789003849,4.6279752313500574e-05
28899,1.5609808793345576,0.09285028427839279,4.6266764756296356e-05
28949,1.563681538295344,0.0879254999011755,4.625375661903357e-05
28999,1.5663821972561305,0.09642099618911742,4.624072791597724e-05
29049,1.569082856216917,0.08749127499759198,4.622767866141493e-05
29099,1.5717835151777033,0.094828913025558,4.621460886965674e-05
29149,1.5744841741384898,0.09298264592885971,4.6201518555035324e-05
29199,1.5771848330992762,0.08584997475147248,4.6188407731905787e-05
29249,1.5798854920600627,0.08562957480549813,4.617527641464577e-05
29299,1.582586151020849,0.10500430759042502,4.616212461765537e-05
29349,1.5852868099816355,0.09855635412037372,4.6148952355357145e-05
29399,1.587987468942422,0.09305995300412179,4.6135759642196095e-05
29449,1.5906881279032083,0.08520985461771488,4.6122546492639644e-05
29499,1.5933887868639949,0.09329237286001443,4.610931292117764e-05
29549,1.5960894458247812,0.12858734630048274,4.609605894232231e-05
29599,1.5987901047855677,0.09485451139509678,4.6082784570608266e-05
29649,1.601490763746354,0.08385671567171812,4.6069489820592495e-05
29699,1.6041914227071405,0.08577707394957543,4.60561747068543e-05
29749,1.606892081667927,0.08115480799227953,4.604283924399535e-05
29799,1.6095927406287134,0.08777588047087193,4.6029483446639616e-05
29849,1.6122933995895,0.09212555911391973,4.601610732943337e-05
29899,1.6149940585502862,0.08635206408798694,4.600271090704515e-05
29949,1.6176947175110727,0.08288348436355591,4.598929419416578e-05
29999,1.620395376471859,0.07701573625206948,4.5975857205508344e-05
30049,1.6230960354326456,0.09316811360418796,4.5962399955808135e-05
30099,1.625796694393432,0.08959252133965492,4.594892245982268e-05
30149,1.6284973533542184,0.10989738568663597,4.59354247323317e-05
30199,1.631198012315005,0.08589385971426963,4.592190678813713e-05
30249,1.6338986712757912,0.09293025195598602,4.5908368642063024e-05
30299,1.6365993302365778,0.08672548837959766,4.589481030895564e-05
30349,1.639299989197364,0.0817250119894743,4.5881231803683355e-05
30399,1.6420006481581506,0.08840779691934586,4.5867633141136646e-05
30449,1.644701307118937,0.09192526303231716,4.585401433622812e-05
30499,1.6474019660797234,0.0849581329151988,4.584037540389247e-05
30549,1.65010262504051,0.08542817264795304,4.582671635908646e-05
30599,1.6528032840012963,0.08414951302111148,4.581303721678891e-05
30649,1.6555039429620828,0.0904190044850111,4.5799337992000666e-05
30699,1.6582046019228691,0.07882152855396271,4.578561869974462e-05
30749,1.6609052608836556,0.07691248141229153,4.5771879355065644e-05
30799,1.663605919844442,0.0815514026209712,4.575811997303062e-05
30849,1.6663065788052285,0.08104861415922641,4.5744340568728405e-05
30899,1.669007237766015,0.0936324344575405,4.57305411572698e-05
30949,1.6717078967268013,0.08481885250657797,4.571672175378754e-05
30999,1.6744085556875878,0.08564449310302734,4.570288237343632e-05
31049,1.6771092146483741,0.09648373126983642,4.56890230313927e-05
31099,1.6798098736091607,0.09753627315163613,4.567514374285514e-05
31149,1.682510532569947,0.09541732054203748,4.5661244523044007e-05
31199,1.6852111915307335,0.07958755575120449,4.564732538720148e-05
31249,1.68791185049152,0.08397642314434052,4.563338635059161e-05
31299,1.6906125094523063,0.08472098588943482,4.5619427428500246e-05
31349,1.6933131684130929,0.08512798756361008,4.560544863623507e-05
31399,1.6960138273738792,0.0771734656393528,4.559144998912553e-05
31449,1.6987144863346657,0.07788958802819251,4.5577431502522875e-05
31499,1.701415145295452,0.08982670158147812,4.556339319180008e-05
31549,1.7041158042562385,0.08193977661430836,4.554933507235188e-05
31599,1.7068164632170248,0.08378004059195518,4.553525715959472e-05
31649,1.7095171221778114,0.08447069510817527,4.552115946896678e-05
31699,1.712217781138598,0.08664172045886516,4.550704201592787e-05
31749,1.7149184400993842,0.07854293793439865,4.549290481595954e-05
31799,1.7176190990601707,0.09546839326620102,4.547874788456495e-05
31849,1.720319758020957,0.07577301852405072,4.546457123726891e-05
31899,1.7230204169817436,0.07141656193882227,4.545037488961785e-05
31949,1.7257210759425299,0.09516432590782642,4.5436158857179815e-05
31999,1.7284217349033164,0.08032808884978294,4.542192315554442e-05
32049,1.731122393864103,0.08389303963631392,4.540766780032285e-05
32099,1.7338230528248892,0.07960378631949425,4.5393392807147876e-05
32149,1.7365237117856758,0.08985063776373864,4.537909819167376e-05
32199,1.739224370746462,0.07975346568971872,4.53647839695763e-05
32249,1.7419250297072486,0.09045313253998756,4.535045015655279e-05
32299,1.744625688668035,0.08703187562525272,4.533609676832203e-05
32349,1.7473263476288214,0.08391600757837296,4.532172382062426e-05
32399,1.750027006589608,0.07584097661077976,4.530733132922118e-05
32449,1.7527276655503943,0.0815861377492547,4.529291930989592e-05
32499,1.7554283245111808,0.07972974255681038,4.527848777845304e-05
32549,1.758128983471967,0.0795231076516211,4.526403675071846e-05
32599,1.7608296424327536,0.0785375901311636,4.524956624253952e-05
32649,1.76353030139354,0.08214944154024124,4.5235076269784904e-05
32699,1.7662309603543265,0.08634007483720779,4.522056684834464e-05
32749,1.7689316193151128,0.07612564601004124,4.520603799413009e-05
32799,1.7716322782758993,0.08573977455496788,4.519148972307392e-05
32849,1.7743329372366858,0.07955793902277947,4.517692205113011e-05
32899,1.7770335961974721,0.08690778508782387,4.516233499427388e-05
32949,1.7797342551582587,0.07808889992535115,4.514772856850173e-05
32999,1.782434914119045,0.09014065071940422,4.51331027898314e-05
33049,1.7851355730798315,0.08389012809842825,4.511845767430184e-05
33099,1.7878362320406178,0.06969725176692008,4.510379323797323e-05
33149,1.7905368910014043,0.07844751074910164,4.5089109496926915e-05
33199,1.7932375499621909,0.09586756028234959,4.507440646726542e-05
33249,1.7959382089229772,0.08202846672385931,4.505968416511242e-05
33299,1.7986388678837637,0.10690455999225378,4.504494260661272e-05
33349,1.80133952684455,0.07535017967224121,4.503018180793225e-05
33399,1.8040401858053365,0.08717796199023724,4.5015401785258034e-05
33449,1.8067408447661228,0.08711560379713773,4.5000602554798174e-05
33499,1.8094415037269094,0.09613341428339481,4.498578413278185e-05
33549,1.812142162687696,0.0782065973430872,4.497094653545927e-05
33599,1.8148428216484822,0.0983103084564209,4.495608977910169e-05
33649,1.8175434806092687,0.09087630525231362,4.494121388000135e-05
33699,1.820244139570055,0.07645897049456835,4.492631885447151e-05
33749,1.8229447985308416,0.08524350635707378,4.491140471884639e-05
33799,1.8256454574916279,0.08412671465426684,4.489647148948117e-05
33849,1.8283461164524144,0.07756252199411393,4.488151918275195e-05
33899,1.8310467754132007,0.08076133325695992,4.486654781505579e-05
33949,1.8337474343739872,0.08738774292171002,4.4851557402810616e-05
33999,1.8364480933347738,0.07837535977363587,4.483654796245526e-05
34049,1.83914875229556,0.07611905828118325,4.482151951044941e-05
34099,1.8418494112563466,0.08949494682252407,4.480647206327361e-05
34149,1.844550070217133,0.07966220118105412,4.479140563742922e-05
34199,1.8472507291779194,0.07746620465070009,4.4776320249438445e-05
34249,1.8499513881387057,0.07893744014203548,4.4761215915844246e-05
34299,1.8526520470994923,0.07457177992910147,4.4746092653210375e-05
34349,1.8553527060602788,0.07966720521450042,4.4730950478121346e-05
34399,1.858053365021065,0.08725163910537959,4.4715789407182425e-05
34449,1.8607540239818516,0.0906018164753914,4.470060945701956e-05
34499,1.863454682942638,0.08396845549345017,4.4685410644279455e-05
34549,1.8661553419034245,0.0720373260229826,4.467019298562944e-05
34599,1.8688560008642108,0.07721270717680455,4.4654956497757575e-05
34649,1.8715566598249973,0.08285781964659691,4.463970119737252e-05
34699,1.8742573187857838,0.08308941591531038,4.462442710120359e-05
34749,1.8769579777465701,0.09061158001422882,4.4609134226000695e-05
34799,1.8796586367073567,0.08111134231090546,4.459382258853436e-05
34849,1.882359295668143,0.07860175848007202,4.457849220559566e-05
34899,1.8850599546289295,0.07928853757679462,4.456314309399625e-05
34949,1.8877606135897158,0.07113102551549673,4.4547775270568296e-05
34999,1.8904612725505023,0.07921391345560551,4.453238875216452e-05
35049,1.8931619315112889,0.08585818398743868,4.451698355565812e-05
35099,1.8958625904720752,0.08369846783578395,4.450155969794278e-05
35149,1.8985632494328617,0.08306243523955345,4.448611719593266e-05
35199,1.901263908393648,0.07463707868009806,4.4470656066562336e-05
35249,1.9039645673544345,0.07900898948311806,4.445517632678686e-05
35299,1.9066652263152208,0.09192471578717232,4.443967799358164e-05
35349,1.9093658852760074,0.08647802203893662,4.4424161083942504e-05
35399,1.9120665442367937,0.0850214746594429,4.440862561488566e-05
35449,1.9147672031975802,0.09384334579110146,4.439307160344765e-05
35499,1.9174678621583667,0.09266487076878548,4.437749906668534e-05
35549,1.920168521119153,0.07365685619413853,4.436190802167594e-05
35599,1.9228691800799396,0.08416576586663722,4.434629848551694e-05
35649,1.9255698390407259,0.08474059835076332,4.433067047532611e-05
35699,1.9282704980015124,0.07435666091740131,4.431502400824147e-05
35749,1.9309711569622987,0.09051968351006508,4.4299359101421305e-05
35799,1.9336718159230852,0.08255760252475738,4.42836757720441e-05
35849,1.9363724748838718,0.09529007565230131,4.426797403730855e-05
35899,1.939073133844658,0.0778613819181919,4.4252253914433515e-05
35949,1.9417737928054446,0.10436211489140987,4.4236515420658066e-05
35999,1.944474451766231,0.08135798521339893,4.422075857324137e-05
36049,1.9471751107270174,0.07281803250312806,4.420498338946275e-05
36099,1.9498757696878037,0.07570751827210188,4.418918988662164e-05
36149,1.9525764286485903,0.07051505520939827,4.4173378082037526e-05
36199,1.9552770876093768,0.08384856641292572,4.415754799305001e-05
36249,1.957977746570163,0.06879240915179252,4.4141699637018726e-05
36299,1.9606784055309496,0.0787313250079751,4.4125833031323326e-05
36349,1.963379064491736,0.07675326257944107,4.4109948193363494e-05
36399,1.9660797234525225,0.08129666298627854,4.4094045140558915e-05
36449,1.9687803824133088,0.07645875308662653,4.4078123890349227e-05
36499,1.9714810413740953,0.07594223633408546,4.4062184460194026e-05
36549,1.9741817003348816,0.06872298892587424,4.404622686757286e-05
36599,1.9768823592956681,0.07420218747109175,4.403025112998519e-05
36649,1.9795830182564547,0.08595133811235428,4.401425726495036e-05
36699,1.982283677217241,0.08677751950919628,4.3998245290007606e-05
36749,1.9849843361780275,0.08915752112865448,4.398221522271602e-05
36799,1.9876849951388138,0.07648076798766851,4.3966167080654554e-05
36849,1.9903856540996003,0.07805231150239705,4.395010088142195e-05
36899,1.9930863130603866,0.0754614619165659,4.393401664263676e-05
36949,1.9957869720211732,0.08065059319138528,4.391791438193733e-05
36999,1.9984876309819597,0.07725115608423948,4.390179411698176e-05
37049,2.0011882899427462,0.08812635201960801,4.388565586544791e-05
37099,2.0038889489035325,0.08875450722873211,4.386949964503333e-05
37149,2.006589607864319,0.09804905511438847,4.385332547345532e-05
37199,2.009290266825105,0.07089165665209293,4.383713336845082e-05
37249,2.011990925785892,0.07788707137107849,4.382092334777647e-05
37299,2.014691584746678,0.07843409493565559,4.380469542920855e-05
37349,2.0173922437074645,0.07097528230398893,4.378844963054296e-05
37399,2.0200929026682513,0.07773413982242346,4.37721859695952e-05
37449,2.0227935616290376,0.08214361127465963,4.375590446420037e-05
37499,2.025494220589824,0.07279130157083273,4.373960513221315e-05
37549,2.02819487955061,0.08306698419153691,4.372328799150775e-05
37599,2.030895538511397,0.08130963075906038,4.3706953059977907e-05
37649,2.0335961974721832,0.08817100055515766,4.369060035553689e-05
37699,2.0362968564329695,0.08089962989091873,4.367422989611743e-05
37749,2.0389975153937563,0.08420678250491619,4.3657841699671745e-05
37799,2.0416981743545426,0.08247611202299594,4.364143578417152e-05
37849,2.044398833315329,0.07757015939801931,4.362501216760784e-05
37899,2.047099492276115,0.07884288266301155,4.36085708679912e-05
37949,2.049800151236902,0.07009454637765884,4.3592111903351527e-05
37999,2.0525008101976883,0.0878350792825222,4.3575635291738075e-05
38049,2.0552014691584746,0.07803646810352802,4.355914105121948e-05
38099,2.0579021281192613,0.08433956444263459,4.3542629199883694e-05
38149,2.0606027870800476,0.08445646293461323,4.3526099755837986e-05
38199,2.063303446040834,0.07596850082278252,4.350955273720893e-05
38249,2.0660041050016202,0.07429415263235568,4.349298816214233e-05
38299,2.068704763962407,0.07530981212854386,4.347640604880331e-05
38349,2.0714054229231933,0.07727946259081364,4.3459806415376165e-05
38399,2.0741060818839796,0.0726746965199709,4.3443189280064445e-05
38449,2.076806740844766,0.07599299669265747,4.3426554661090854e-05
38499,2.0795073998055527,0.08413171045482158,4.340990257669732e-05
38549,2.082208058766339,0.08074173104017973,4.339323304514488e-05
38599,2.0849087177271253,0.08231209576129914,4.337654608471372e-05
38649,2.087609376687912,0.07785438545048237,4.3359841713703134e-05
38699,2.0903100356486983,0.07541097171604633,4.334311995043151e-05
38749,2.0930106946094846,0.06978641793131829,4.332638081323634e-05
38799,2.095711353570271,0.07537580817937851,4.330962432047411e-05
38849,2.0984120125310577,0.07084752060472965,4.3292850490520375e-05
38899,2.101112671491844,0.07339933201670647,4.32760593417697e-05
38949,2.1038133304526303,0.0790601546689868,4.325925089263565e-05
38999,2.106513989413417,0.09741893842816353,4.3242425161550724e-05
39049,2.1092146483742034,0.08016675382852555,4.3225582166966415e-05
39099,2.1119153073349897,0.0692863043397665,4.320872192735314e-05
39149,2.114615966295776,0.06765295810997486,4.31918444612002e-05
39199,2.1173166252565627,0.0873667324334383,4.317494978701582e-05
39249,2.120017284217349,0.09311176173388958,4.315803792332707e-05
39299,2.1227179431781353,0.07243208345025778,4.31411088886799e-05
39349,2.125418602138922,0.07041892845183612,4.3124162701639056e-05
39399,2.1281192610997084,0.08613358303904534,4.310719938078811e-05
39449,2.1308199200604947,0.07983725763857365,4.3090218944729435e-05
39499,2.133520579021281,0.07070178400725126,4.3073221412084155e-05
39549,2.1362212379820678,0.08356562674045563,4.3056206801492146e-05
39599,2.138921896942854,0.07623876973986626,4.303917513161201e-05
39649,2.1416225559036404,0.08883268721401691,4.3022126421121085e-05
39699,2.144323214864427,0.08077530458569526,4.3005060688715344e-05
39749,2.1470238738252134,0.0635293786227703,4.2987977953109464e-05
39799,2.1497245327859997,0.07094552181661129,4.2970878233036774e-05
39849,2.152425191746786,0.06987698309123516,4.2953761547249185e-05
39899,2.155125850707573,0.07625291898846626,4.293662791451727e-05
39949,2.157826509668359,0.09038491766899824,4.291947735363014e-05
39999,2.1605271686291454,0.07082462400197982,4.29023098833955e-05
40049,2.163227827589932,0.08705989494919777,4.288512552263957e-05
40099,2.1659284865507185,0.06818827167153359,4.286792429020713e-05
40149,2.1686291455115048,0.09295385643839836,4.2850706204961424e-05
40199,2.171329804472291,0.07535657316446304,4.2833471285784197e-05
40249,2.174030463433078,0.06498333610594273,4.2816219551575655e-05
40299,2.176731122393864,0.07476625107228756,4.2798951021254436e-05
40349,2.1794317813546504,0.07894488021731377,4.27816657137576e-05
40399,2.182132440315437,0.06829676307737827,4.2764363648040614e-05
40449,2.1848330992762235,0.07280823070555925,4.2747044843077306e-05
40499,2.18753375823701,0.07087414469569922,4.272970931785987e-05
40549,2.190234417197796,0.06598993472754955,4.271235709139884e-05
40599,2.192935076158583,0.07097298815846444,4.269498818272305e-05
40649,2.195635735119369,0.07558937828987837,4.267760261087966e-05
40699,2.1983363940801555,0.07270857032388449,4.266020039493405e-05
40749,2.2010370530409418,0.07114248223602772,4.26427815539699e-05
40799,2.2037377120017285,0.06488199763000012,4.2625346107089114e-05
40849,2.206438370962515,0.0739783998951316,4.260789407341178e-05
40899,2.209139029923301,0.0790204031020403,4.25904254720762e-05
40949,2.211839688884088,0.07349507221952081,4.257294032223885e-05
40999,2.214540347844874,0.0961148615181446,4.255543864307431e-05
41049,2.2172410068056605,0.06910286715254188,4.253792045377534e-05
41099,2.219941665766447,0.06557703178375959,4.252038577355279e-05
41149,2.2226423247272336,0.08372066926211119,4.2502834621635564e-05
41199,2.22534298368802,0.07563359193503856,4.2485267017270664e-05
41249,2.228043642648806,0.08346470225602388,4.2467682979723116e-05
41299,2.230744301609593,0.07291986774653196,4.245008252827598e-05
41349,2.2334449605703792,0.0709120635688305,4.243246568223032e-05
41399,2.2361456195311655,0.06512318305671215,4.2414832460905145e-05
41449,2.238846278491952,0.07584630854427815,4.2397182883637454e-05
41499,2.2415469374527386,0.07354870244860649,4.237951696978217e-05
41549,2.244247596413525,0.06199195839464664,4.236183473871214e-05
41599,2.246948255374311,0.0686334653571248,4.234413620981809e-05
41649,2.249648914335098,0.0710104326158762,4.232642140250864e-05
41699,2.2523495732958843,0.06612162873148918,4.230869033621023e-05
41749,2.2550502322566706,0.0697709345817566,4.229094303036716e-05
41799,2.257750891217457,0.06359078787267208,4.227317950444152e-05
41849,2.2604515501782436,0.07526280730962753,4.225539977791321e-05
41899,2.26315220913903,0.06743643537163735,4.223760387027986e-05
41949,2.2658528680998162,0.06869158998131752,4.221979180105688e-05
41999,2.268553527060603,0.07552653122693301,4.220196358977738e-05
42049,2.2712541860213893,0.06798461563885212,4.2184119255992175e-05
42099,2.2739548449821756,0.06487518340349198,4.216625881926978e-05
42149,2.276655503942962,0.06862918552011252,4.214838229919634e-05
42199,2.2793561629037487,0.07314989671111106,4.213048971537565e-05
42249,2.282056821864535,0.07000234812498092,4.211258108742913e-05
42299,2.2847574808253213,0.06776172138750552,4.20946564349958e-05
42349,2.287458139786108,0.07059877771884203,4.2076715777732206e-05
42399,2.2901587987468943,0.06760728061199188,4.20587591353125e-05
42449,2.2928594577076806,0.06803378991782666,4.204078652742834e-05
42499,2.295560116668467,0.06846943039447069,4.202279797378889e-05
42549,2.2982607756292537,0.08948165200650691,4.2004793494120806e-05
42599,2.30096143459004,0.06426536113023758,4.198677310816822e-05
42649,2.3036620935508263,0.06766086611896753,4.196873683569266e-05
42699,2.306362752511613,0.06880641601979733,4.1950684696473154e-05
42749,2.3090634114723994,0.06453103873878717,4.193261671030606e-05
42799,2.3117640704331857,0.07231692530214787,4.1914532897005134e-05
42849,2.314464729393972,0.06889485914260149,4.189643327640151e-05
42899,2.3171653883547587,0.07252175848931074,4.187831786834365e-05
42949,2.319866047315545,0.06621244087815285,4.18601866926973e-05
42999,2.3225667062763313,0.06531671155244112,4.184203976934552e-05
43049,2.325267365237118,0.06502691902220249,4.182387711818864e-05
43099,2.3279680241979044,0.07121788408607245,4.180569875914424e-05
43149,2.3306686831586907,0.06945930674672127,4.178750471214712e-05
43199,2.333369342119477,0.06909113332629203,4.1769294997149266e-05
43249,2.3360700010802637,0.0778232217207551,4.1751069634119875e-05
43299,2.33877066004105,0.07414236754179,4.17328286430453e-05
43349,2.3414713190018364,0.07156339146196843,4.171457204392902e-05
43399,2.3441719779626227,0.06986191604286432,4.169629985679162e-05
43449,2.3468726369234094,0.07672133564949035,4.167801210167081e-05
43499,2.3495732958841957,0.07197353664785623,4.165970879862135e-05
43549,2.352273954844982,0.06778262119740247,4.1641389967715045e-05
43599,2.354974613805769,0.06811466462910175,4.1623055629040766e-05
43649,2.357675272766555,0.06960212752223015,4.160470580270434e-05
43699,2.3603759317273414,0.08224993541836739,4.158634050882861e-05
43749,2.3630765906881277,0.061996296234428885,4.156795976755337e-05
43799,2.3657772496489144,0.06673786303028464,4.154956359903536e-05
43849,2.3684779086097008,0.0637265883013606,4.1531152023448225e-05
43899,2.371178567570487,0.06371810279786587,4.151272506098253e-05
43949,2.373879226531274,0.0654438541084528,4.149428273184569e-05
43999,2.37657988549206,0.06653380833566189,4.1475825056261984e-05
44049,2.3792805444528464,0.07086964085698128,4.1457352054472515e-05
44099,2.3819812034136327,0.07417914785444736,4.1438863746735186e-05
44149,2.3846818623744195,0.08181309767067432,4.14203601533247e-05
44199,2.387382521335206,0.06926952786743641,4.1401841294532525e-05
44249,2.390083180295992,0.06455669526010752,4.1383307190666845e-05
44299,2.392783839256779,0.06027004174888134,4.1364757862052586e-05
44349,2.395484498217565,0.06197344113141298,4.1346193329031366e-05
44399,2.3981851571783515,0.06749155826866626,4.132761361196145e-05
44449,2.4008858161391378,0.06532810412347317,4.13090187312178e-05
44499,2.4035864750999245,0.0658738263323903,4.129040870719198e-05
44549,2.406287134060711,0.0702595479786396,4.127178356029214e-05
44599,2.408987793021497,0.06803946696221828,4.125314331094307e-05
44649,2.411688451982284,0.07012161422520875,4.123448797958606e-05
44699,2.41438911094307,0.06451033230870962,4.1215817586678986e-05
44749,2.4170897699038565,0.0776071996986866,4.1197132152696215e-05
44799,2.419790428864643,0.06653474736958742,4.1178431698128624e-05
44849,2.4224910878254295,0.06616515658795834,4.1159716243483546e-05
44899,2.425191746786216,0.06720796450972558,4.114098580928478e-05
44949,2.427892405747002,0.060496123358607296,4.112224041607253e-05
44999,2.430593064707789,0.08368027985095977,4.110348008440344e-05
45049,2.433293723668575,0.059763759933412076,4.108470483485049e-05
45099,2.4359943826293615,0.07549262043088674,4.106591468800306e-05
45149,2.438695041590148,0.06894074641168117,4.104710966446684e-05
45199,2.4413957005509346,0.08266200114041566,4.102828978486386e-05
45249,2.444096359511721,0.06830308709293603,4.100945506983239e-05
45299,2.446797018472507,0.06651299126446247,4.099060554002704e-05
45349,2.449497677433294,0.062386522106826305,4.0971741216118625e-05
45399,2.4521983363940802,0.07149624701589347,4.095286211879418e-05
45449,2.4548989953548666,0.06599754244089126,4.093396826875695e-05
45499,2.457599654315653,0.06812560986727476,4.0915059686726356e-05
45549,2.4603003132764396,0.06649219263345003,4.089613639343799e-05
45599,2.463000972237226,0.06751003146171569,4.0877198409643555e-05
45649,2.4657016311980122,0.10568594578653574,4.0858245756110856e-05
45699,2.4684022901587985,0.059903759658336636,4.083927845362383e-05
45749,2.4711029491195853,0.07551723167300224,4.082029652298244e-05
45799,2.4738036080803716,0.06117059966549277,4.08012999850027e-05
45849,2.476504267041158,0.07035300090909004,4.078228886051663e-05
45899,2.4792049260019446,0.06381177078932523,4.076326317037227e-05
45949,2.481905584962731,0.061933836787939074,4.074422293543363e-05
45999,2.4846062439235173,0.06516507305204869,4.072516817658065e-05
46049,2.4873069028843036,0.06455874104052782,4.0706098914709214e-05
46099,2.4900075618450903,0.07035735730081796,4.06870151707311e-05
46149,2.4927082208058766,0.06151747077703476,4.066791696557398e-05
46199,2.495408879766663,0.06101178225129843,4.0648804320181375e-05
46249,2.4981095387274497,0.06531557317823172,4.0629677255512644e-05
46299,2.500810197688236,0.07074601825326682,4.061053579254296e-05
46349,2.5035108566490223,0.06702733509242535,4.059137995226329e-05
46399,2.5062115156098086,0.06567342326045036,4.057220975568035e-05
46449,2.5089121745705953,0.06739366497844458,4.0553025223816616e-05
46499,2.5116128335313816,0.06309630870819091,4.053382637771027e-05
46549,2.514313492492168,0.06250732719898223,4.0514613238415227e-05
46599,2.5170141514529547,0.06706884887069464,4.049538582700102e-05
46649,2.519714810413741,0.06110996004194021,4.0476144164552885e-05
46699,2.5224154693745273,0.0722076192498207,4.045688827217166e-05
46749,2.5251161283353136,0.06909665901213885,4.043761817097377e-05
46799,2.5278167872961004,0.05850400097668171,4.041833388209128e-05
46849,2.5305174462568867,0.06595542710274457,4.039903542667174e-05
46899,2.533218105217673,0.07300476294010877,4.0379722825878295e-05
46949,2.5359187641784597,0.06440175615251065,4.036039610088958e-05
46999,2.538619423139246,0.06725257880985737,4.034105527289972e-05
47049,2.5413200821000324,0.06530545171350241,4.0321700363118285e-05
47099,2.5440207410608187,0.06770919479429721,4.030233139277033e-05
47149,2.5467214000216054,0.06361608326435089,4.028294838309629e-05
47199,2.5494220589823917,0.06549997445195914,4.0263551355352024e-05
47249,2.552122717943178,0.06887443255633116,4.024414033080874e-05
47299,2.5548233769039648,0.0666908424347639,4.022471533075301e-05
47349,2.557524035864751,0.05908302187919617,4.020527637648674e-05
47399,2.5602246948255374,0.067797655723989,4.01858234893271e-05
47449,2.5629253537863237,0.06556696459650993,4.01663566906066e-05
47499,2.5656260127471104,0.07053699173033237,4.014687600167294e-05
47549,2.5683266717078967,0.05872826084494591,4.0127381443889106e-05
47599,2.571027330668683,0.0672880920022726,4.0107873038633256e-05
47649,2.57372798962947,0.06330060061067343,4.008835080729876e-05
47699,2.576428648590256,0.07135279472917318,4.006881477129413e-05
47749,2.5791293075510424,0.06636845964938402,4.0049264952043035e-05
47799,2.5818299665118287,0.0646898203343153,4.002970137098423e-05
47849,2.5845306254726155,0.06237626291811466,4.00101240495716e-05
47899,2.587231284433402,0.061533195786178115,3.999053300927407e-05
47949,2.589931943394188,0.0610597425326705,3.997092827157562e-05
47999,2.592632602354975,0.06600062638521194,3.995130985797525e-05
48049,2.595333261315761,0.0711002168431878,3.9931677789986945e-05
48099,2.5980339202765474,0.0625938694179058,3.991203208913968e-05
48149,2.6007345792373338,0.06271117862313985,3.989237277697739e-05
48199,2.6034352381981205,0.061534275226294996,3.98726998750589e-05
48249,2.606135897158907,0.05987173840403557,3.985301340495797e-05
48299,2.608836556119693,0.05378330785781145,3.983331338826322e-05
48349,2.6115372150804794,0.060288840644061564,3.981359984657815e-05
48399,2.614237874041266,0.0578213057667017,3.979387280152106e-05
48449,2.6169385330020525,0.06871032703667879,3.977413227472508e-05
48499,2.619639191962839,0.06637252002954483,3.975437828783811e-05
48549,2.6223398509236255,0.06635325253009797,3.973461086252283e-05
48599,2.625040509884412,0.0612616066262126,3.971483002045665e-05
48649,2.627741168845198,0.06695404402911663,3.9695035783331666e-05
48699,2.6304418278059845,0.0665278160199523,3.9675228172854704e-05
48749,2.633142486766771,0.06557616584002972,3.9655407210747244e-05
48799,2.6358431457275575,0.060854778047651055,3.963557291874538e-05
48849,2.638543804688344,0.05748246625065803,3.961572531859986e-05
48899,2.6412444636491306,0.07557467471808195,3.9595864432076e-05
48949,2.643945122609917,0.06343061856925487,3.9575990280953715e-05
48999,2.646645781570703,0.07146291226148606,3.955610288702742e-05
49049,2.6493464405314895,0.060315986201167106,3.953620227210612e-05
49099,2.6520470994922762,0.05631322227418423,3.9516288458013246e-05
49149,2.6547477584530625,0.0631519639864564,3.949636146658675e-05
49199,2.657448417413849,0.057728333100676536,3.947642131967902e-05
49249,2.6601490763746356,0.06070979531854391,3.9456468039156866e-05
49299,2.662849735335422,0.06668800435960293,3.943650164690152e-05
49349,2.665550394296208,0.06686715997755527,3.941652216480857e-05
49399,2.6682510532569945,0.06328769110143184,3.9396529614787966e-05
49449,2.6709517122177813,0.05848588112741709,3.9376524018764e-05
49499,2.6736523711785676,0.0741734465956688,3.935650539867525e-05
49549,2.676353030139354,0.060384251922369,3.933647377647459e-05
49599,2.6790536891001406,0.06666732706129551,3.931642917412916e-05
49649,2.681754348060927,0.06150100216269493,3.9296371613620306e-05
49699,2.6844550070217132,0.06020241729915142,3.927630111694362e-05
49749,2.6871556659824996,0.06426872208714485,3.925621770610885e-05
49799,2.6898563249432863,0.06486427053809166,3.923612140313993e-05
49849,2.6925569839040726,0.07085046857595444,3.921601223007491e-05
49899,2.695257642864859,0.06433775015175343,3.9195890208965963e-05
49949,2.6979583018256457,0.06481835648417472,3.9175755361879365e-05
49999,2.700658960786432,0.06233968332409859,3.9155607710895434e-05
50049,2.7033596197472183,0.06341601084917783,3.9135447278108537e-05
50099,2.7060602787080046,0.055217131171375514,3.9115274085627066e-05
50149,2.7087609376687913,0.06557692877948285,3.9095088155573415e-05
50199,2.7114615966295776,0.06672294661402703,3.9074889510083896e-05
50249,2.714162255590364,0.060582976154983044,3.9054678171308826e-05
50299,2.7168629145511507,0.06350454796105623,3.9034454161412416e-05
50349,2.719563573511937,0.06198682842776179,3.9014217502572765e-05
50399,2.7222642324727233,0.06327969737350941,3.899396821698185e-05
50449,2.7249648914335096,0.07231906149536371,3.89737063268455e-05
50499,2.7276655503942964,0.06886680569499731,3.8953431854383354e-05
50549,2.7303662093550827,0.07629124000668526,3.8933144821828874e-05
50599,2.733066868315869,0.06280346270650625,3.8912845251429256e-05
50649,2.7357675272766553,0.07735333308577537,3.889253316544548e-05
50699,2.738468186237442,0.059435519315302374,3.887220858615225e-05
50749,2.7411688451982283,0.059130391515791414,3.885187153583793e-05
50799,2.7438695041590146,0.057539118304848674,3.883152203680462e-05
50849,2.7465701631198014,0.061913864351809025,3.881116011136803e-05
50899,2.7492708220805877,0.05964200370013714,3.879078578185749e-05
50949,2.751971481041374,0.05608922548592091,3.877039907061597e-05
50999,2.7546721400021603,0.06588143911212682,3.875e-05
51049,2.757372798962947,0.05690814834088087,3.872958859237966e-05
51099,2.7600734579237334,0.06118948064744473,3.870916487013854e-05
51149,2.7627741168845197,0.05878943398594856,3.868872885567379e-05
51199,2.7654747758453064,0.05721925891935825,3.866828057139598e-05
51249,2.7681754348060927,0.06075885750353336,3.864782003972917e-05
51299,2.770876093766879,0.05881584450602531,3.8627347283110846e-05
51349,2.7735767527276654,0.05952057524584234,3.8606862323991885e-05
51399,2.776277411688452,0.05710069466382265,3.858636518483656e-05
51449,2.7789780706492384,0.0726581135392189,3.85658558881225e-05
51499,2.7816787296100247,0.06553297255188227,3.854533445634067e-05
51549,2.7843793885708115,0.05591477710753679,3.852480091199533e-05
51599,2.7870800475315978,0.07424783624708653,3.850425527760402e-05
51649,2.789780706492384,0.0618190336599946,3.848369757569756e-05
51699,2.7924813654531704,0.06367234617471695,3.846312782881998e-05
51749,2.795182024413957,0.060863239131867884,3.8442546059528536e-05
51799,2.7978826833747434,0.06025924757122993,3.8421952290393666e-05
51849,2.8005833423355297,0.06582921978086233,3.8401346543998955e-05
51899,2.8032840012963165,0.054373229555785656,3.838072884294114e-05
51949,2.805984660257103,0.07392536398023367,3.836009920983004e-05
51999,2.808685319217889,0.056986454464495184,3.8339457667288595e-05
52049,2.8113859781786754,0.0820673568174243,3.8318804237952786e-05
52099,2.814086637139462,0.05536609753966332,3.8298138944471615e-05
52149,2.8167872961002485,0.06718725375831128,3.8277461809507125e-05
52199,2.819487955061035,0.0626783499121666,3.8256772855734326e-05
52249,2.8221886140218215,0.055196569599211216,3.823607210584119e-05
52299,2.824889272982608,0.07312088683247567,3.821535958252863e-05
52349,2.827589931943394,0.06087327711284161,3.819463530851047e-05
52399,2.8302905909041804,0.05850864436477423,3.817389930651341e-05
52449,2.832991249864967,0.059095417968928816,3.815315159927703e-05
52499,2.8356919088257535,0.058164654336869716,3.813239220955372e-05
52549,2.83839256778654,0.06982756838202477,3.81116211601087e-05
52599,2.8410932267473266,0.056173211596906185,3.809083847371999e-05
52649,2.843793885708113,0.05652286697179079,3.8070044173178326e-05
52699,2.846494544668899,0.05857557747513056,3.804923828128723e-05
52749,2.8491952036296855,0.05718210700899363,3.80284208208629e-05
52799,2.8518958625904722,0.05782671492546797,3.800759181473425e-05
52849,2.8545965215512585,0.06068563502281904,3.7986751285742824e-05
52899,2.857297180512045,0.05954309325665236,3.7965899256742814e-05
52949,2.859997839472831,0.06423056475818158,3.7945035750601044e-05
52999,2.862698498433618,0.06177935048937797,3.79241607901969e-05
53049,2.865399157394404,0.059993472062051294,3.790327439842232e-05
53099,2.8680998163551905,0.055134438052773474,3.788237659818181e-05
53149,2.8708004753159773,0.05948422010987997,3.786146741239237e-05
53199,2.8735011342767636,0.06505112774670124,3.784054686398348e-05
53249,2.87620179323755,0.05247496847063303,3.7819614975897095e-05
53299,2.878902452198336,0.06227036740630865,3.779867177108758e-05
53349,2.881603111159123,0.0550615269690752,3.777771727252174e-05
53399,2.8843037701199092,0.06177450090646744,3.7756751503178753e-05
53449,2.8870044290806955,0.053046736679971215,3.773577448605015e-05
53499,2.8897050880414823,0.06204177182167769,3.771478624413981e-05
53549,2.8924057470022686,0.059720671735703945,3.7693786800463906e-05
53599,2.895106405963055,0.058420960940420624,3.767277617805089e-05
53649,2.897807064923841,0.0509090268984437,3.765175439994152e-05
53699,2.900507723884628,0.05996125962585211,3.7630721489188716e-05
53749,2.9032083828454143,0.062334282398223875,3.760967746885768e-05
53799,2.9059090418062006,0.06294538743793965,3.758862236202573e-05
53849,2.9086097007669873,0.056806339249014855,3.756755619178239e-05
53899,2.9113103597277736,0.05410204492509365,3.7546478981229275e-05
53949,2.91401101868856,0.05794316783547401,3.7525390753480175e-05
53999,2.9167116776493462,0.06696188263595104,3.7504291531660865e-05
54049,2.919412336610133,0.05081512067466974,3.7483181338909275e-05
54099,2.9221129955709193,0.057047836743295194,3.746206019837529e-05
54149,2.9248136545317056,0.05723136715590954,3.744092813322084e-05
54199,2.9275143134924924,0.06135098472237587,3.741978516661982e-05
54249,2.9302149724532787,0.056279434897005556,3.739863132175809e-05
54299,2.932915631414065,0.055135765708982945,3.737746662183344e-05
54349,2.9356162903748513,0.061125105284154414,3.735629109005555e-05
54399,2.938316949335638,0.059370309934020045,3.7335104749646e-05
54449,2.9410176082964243,0.052806558459997176,3.731390762383818e-05
54499,2.9437182672572106,0.06259514529258013,3.7292699735877376e-05
54549,2.9464189262179974,0.06223657790571451,3.7271481109020606e-05
54599,2.9491195851787837,0.06816301196813583,3.7250251766536713e-05
54649,2.95182024413957,0.0681168858334422,3.722901173170627e-05
54699,2.9545209031003563,0.0540753079764545,3.720776102782158e-05
54749,2.957221562061143,0.05423590991646052,3.7186499678186644e-05
54799,2.9599222210219294,0.06441459860652685,3.716522770611713e-05
54849,2.9626228799827157,0.06176772154867649,3.714394513494039e-05
54899,2.9653235389435024,0.05878205921500921,3.712265198799535e-05
54949,2.9680241979042887,0.05511561598628759,3.7101348288632556e-05
54999,2.970724856865075,0.05458874873816967,3.708003406021414e-05
55049,2.9734255158258613,0.06680571004748344,3.705870932611375e-05
55099,2.976126174786648,0.052699724491685626,3.7037374109716585e-05
55149,2.9788268337474344,0.05464111033827066,3.701602843441932e-05
55199,2.9815274927082207,0.061086916774511335,3.699467232363012e-05
55249,2.9842281516690075,0.05822429813444614,3.697330580076855e-05
55299,2.9869288106297938,0.057630131170153615,3.695192888926565e-05
55349,2.98962946959058,0.05844323139637709,3.69305416125638e-05
55399,2.9923301285513664,0.055057899914681914,3.690914399411678e-05
55449,2.995030787512153,0.055208956673741344,3.688773605738973e-05
55499,2.9977314464729394,0.06061289869248867,3.686631782585903e-05
55549,3.0004321054337257,0.053220861777663234,3.684488932301243e-05
55599,3.003132764394512,0.05596380691975355,3.68234505723489e-05
55649,3.005833423355299,0.05798262476921082,3.680200159737865e-05
55699,3.008534082316085,0.05506200235337019,3.678054242162313e-05
55749,3.0112347412768714,0.06328207295387983,3.675907306861495e-05
55799,3.013935400237658,0.053967657387256625,3.673759356189788e-05
55849,3.0166360591984445,0.06253887090831994,3.6716103925026854e-05
55899,3.0193367181592308,0.050464795269072056,3.669460418156786e-05
55949,3.022037377120017,0.05511270232498646,3.667309435509802e-05
55999,3.024738036080804,0.055895706973969936,3.665157446920551e-05
56049,3.02743869504159,0.05428335979580879,3.6630044547489504e-05
56099,3.0301393540023764,0.057289137616753576,3.6608504613560206e-05
56149,3.032840012963163,0.054946398958563805,3.65869546910388e-05
56199,3.0355406719239495,0.06068944253027439,3.6565394803557413e-05
56249,3.038241330884736,0.056937524266541,3.6543824974759105e-05
56299,3.040941989845522,0.06296481262892485,3.652224522829784e-05
56349,3.043642648806309,0.06201631784439087,3.650065558783846e-05
56399,3.046343307767095,0.05556421715766192,3.647905607705665e-05
56449,3.0490439667278815,0.062095444537699225,3.645744671963891e-05
56499,3.0517446256886682,0.05602233398705721,3.643582753928256e-05
56549,3.0544452846494545,0.06668519627302885,3.641419855969569e-05
56599,3.057145943610241,0.056223587207496165,3.639255980459713e-05
56649,3.059846602571027,0.05493958435952664,3.63709112977164e-05
56699,3.062547261531814,0.05479475453495979,3.6349253062793764e-05
56749,3.0652479204926,0.05502154305577278,3.6327585123580135e-05
56799,3.0679485794533865,0.0566247496381402,3.6305907503837064e-05
56849,3.0706492384141733,0.05910395629703999,3.62842202273367e-05
56899,3.0733498973749596,0.054519841969013216,3.6262523317861816e-05
56949,3.076050556335746,0.07800371831282973,3.624081679920574e-05
56999,3.078751215296532,0.05813999503850937,3.621910069517232e-05
57049,3.081451874257319,0.05508554816246033,3.619737502957592e-05
57099,3.0841525332181052,0.05610963173210621,3.6175639826241426e-05
57149,3.0868531921788915,0.04749815389513969,3.615389510900412e-05
57199,3.0895538511396783,0.06347034960985183,3.613214090170977e-05
57249,3.0922545101004646,0.05312459923326969,3.611037722821452e-05
57299,3.094955169061251,0.05619274020195007,3.608860411238492e-05
57349,3.097655828022037,0.060176875442266464,3.606682157809785e-05
57399,3.100356486982824,0.05478075008839369,3.604502964924053e-05
57449,3.1030571459436103,0.05727177992463112,3.602322834971048e-05
57499,3.1057578049043966,0.054819818995893,3.600141770341551e-05
57549,3.1084584638651833,0.05746102571487427,3.597959773427366e-05
57599,3.1111591228259696,0.05445695824921131,3.5957768466213205e-05
57649,3.113859781786756,0.05946807473897934,3.593592992317261e-05
57699,3.1165604407475422,0.05387770092114806,3.5914082129100506e-05
57749,3.119261099708329,0.06055958688259125,3.58922251079557e-05
57799,3.1219617586691153,0.0621016089245677,3.587035888370708e-05
57849,3.1246624176299016,0.05037337105721235,3.584848348033365e-05
57899,3.127363076590688,0.07717333633452654,3.582659892182447e-05
57949,3.1300637355514747,0.0706324515491724,3.580470523217863e-05
57999,3.132764394512261,0.04926947548985481,3.578280243540526e-05
58049,3.1354650534730473,0.05297896191477776,3.576089055552345e-05
58099,3.138165712433834,0.054398828707635405,3.5738969616562275e-05
58149,3.1408663713946203,0.055006749853491785,3.571703964256073e-05
58199,3.1435670303554066,0.05668555304408073,3.569510065756771e-05
58249,3.146267689316193,0.05422865152359009,3.567315268564202e-05
58299,3.1489683482769797,0.059352592751383784,3.5651195750852276e-05
58349,3.151669007237766,0.05295934502035379,3.562922987727697e-05
58399,3.1543696661985523,0.056270011961460115,3.560725508900438e-05
58449,3.157070325159339,0.05375922229140997,3.558527141013254e-05
58499,3.1597709841201254,0.049257648587226865,3.556327886476925e-05
58549,3.1624716430809117,0.05695585995912552,3.554127747703205e-05
58599,3.165172302041698,0.0531893764808774,3.551926727104814e-05
58649,3.1678729610024847,0.06676336076110602,3.549724827095442e-05
58699,3.170573619963271,0.05382585600018501,3.547522050089742e-05
58749,3.1732742789240573,0.0505086088180542,3.545318398503329e-05
58799,3.175974937884844,0.05929142821580172,3.543113874752777e-05
58849,3.1786755968456304,0.058200045712292196,3.540908481255617e-05
58899,3.1813762558064167,0.05508442223072052,3.538702220430333e-05
58949,3.184076914767203,0.06085987385362387,3.536495094696361e-05
58999,3.1867775737279898,0.05532639961689711,3.5342871064740846e-05
59049,3.189478232688776,0.05272035051137209,3.532078258184833e-05
59099,3.1921788916495624,0.05977448668330908,3.5298685522508815e-05
59149,3.194879550610349,0.04976417744532227,3.527657991095441e-05
59199,3.1975802095711354,0.052320037558674815,3.5254465771426634e-05
59249,3.2002808685319217,0.05346773352473974,3.523234312817637e-05
59299,3.202981527492708,0.06523130908608436,3.5210212005463786e-05
59349,3.205682186453495,0.049776909798383714,3.518807242755838e-05
59399,3.208382845414281,0.05309107683598995,3.516592441873892e-05
59449,3.2110835043750674,0.055540028624236584,3.51437680032934e-05
59499,3.213784163335854,0.04885873440653086,3.512160320551906e-05
59549,3.2164848222966405,0.05136888261884451,3.509943004972231e-05
59599,3.2191854812574268,0.0507725777104497,3.5077248560218736e-05
59649,3.221886140218213,0.05036710172891617,3.505505876133306e-05
59699,3.224586799179,0.0505228378996253,3.5032860677399135e-05
59749,3.227287458139786,0.060259199626743795,3.501065433275985e-05
59799,3.2299881171005724,0.05324710164219141,3.49884397517672e-05
59849,3.232688776061359,0.05521087929606438,3.49662169587822e-05
59899,3.2353894350221455,0.05221017260104418,3.4943985978174866e-05
59949,3.238090093982932,0.05487656481564045,3.4921746834324194e-05
59999,3.240790752943718,0.0504402032494545,3.489949955161812e-05
60049,3.243491411904505,0.05536217607557774,3.487724415445354e-05
60099,3.246192070865291,0.048814821839332584,3.48549806672362e-05
60149,3.2488927298260775,0.047964584305882456,3.4832709114380775e-05
60199,3.251593388786864,0.05143302464857698,3.4810429520310724e-05
60249,3.2542940477476505,0.050541385859251026,3.4788141909458366e-05
60299,3.256994706708437,0.05159134831279516,3.47658463062648e-05
60349,3.259695365669223,0.05301477313041687,3.474354273517988e-05
60399,3.26239602463001,0.04897411748766899,3.4721231220662214e-05
60449,3.265096683590796,0.052521817460656164,3.469891178717911e-05
60499,3.2677973425515825,0.05641224145889282,3.467658445920658e-05
60549,3.270498001512369,0.05256396364420653,3.465424926122924e-05
60599,3.2731986604731556,0.04744510062038899,3.4631906217740416e-05
60649,3.275899319433942,0.06096470989286899,3.460955535324196e-05
60699,3.278599978394728,0.04764173842966556,3.458719669224436e-05
60749,3.281300637355515,0.053375870063900946,3.4564830259266614e-05
60799,3.284001296316301,0.048882402181625366,3.454245607883626e-05
60849,3.2867019552770875,0.047032939158380034,3.4520074175489334e-05
60899,3.289402614237874,0.057318772673606876,3.449768457377034e-05
60949,3.2921032731986606,0.054757777452468875,3.447528729823221e-05
60999,3.294803932159447,0.05239685412496328,3.4452882373436316e-05
61049,3.297504591120233,0.04665046699345112,3.443046982395241e-05
61099,3.30020525008102,0.05059186618775129,3.440804967435857e-05
61149,3.3029059090418063,0.049510266706347464,3.438562194924127e-05
61199,3.3056065680025926,0.05889514703303576,3.4363186673195256e-05
61249,3.308307226963379,0.0512534362450242,3.4340743870823534e-05
61299,3.3110078859241656,0.05556029412895441,3.431829356673742e-05
61349,3.313708544884952,0.0524787887558341,3.429583578555641e-05
61399,3.3164092038457382,0.049102588333189486,3.427337055190822e-05
61449,3.319109862806525,0.0631702584028244,3.425089789042872e-05
61499,3.3218105217673113,0.04932372607290745,3.422841782576196e-05
61549,3.3245111807280976,0.05117395188659429,3.4205930382560065e-05
61599,3.327211839688884,0.04742769747972488,3.4183435585483286e-05
61649,3.3299124986496706,0.050110065452754496,3.416093345919993e-05
61699,3.332613157610457,0.051688136905431746,3.413842402838633e-05
61749,3.3353138165712433,0.050387077350169424,3.411590731772684e-05
61799,3.33801447553203,0.057795571181923154,3.409338335191379e-05
61849,3.3407151344928163,0.052443147227168085,3.407085215564748e-05
61899,3.3434157934536026,0.05341896196827292,3.404831375363611e-05
61949,3.346116452414389,0.05078503869473934,3.402576817059583e-05
61999,3.3488171113751757,0.05336909309029579,3.400321543125061e-05
62049,3.351517770335962,0.06170334041118622,3.398065556033231e-05
62099,3.3542184292967483,0.04970130603760481,3.3958088582580584e-05
62149,3.356919088257535,0.04859551716595888,3.393551452274289e-05
62199,3.3596197472183214,0.04403875142335892,3.391293340557447e-05
62249,3.3623204061791077,0.05638892222195864,3.389034525583827e-05
62299,3.365021065139894,0.05152066426351667,3.3867750098304954e-05
62349,3.3677217241006807,0.048591521698981524,3.384514795775291e-05
62399,3.370422383061467,0.047854862213134765,3.382253885896815e-05
62449,3.3731230420222533,0.047120335809886456,3.3799922826744314e-05
62499,3.37582370098304,0.05469908066093922,3.3777299885882666e-05
62549,3.3785243599438264,0.04652536977082491,3.375467006119202e-05
62599,3.3812250189046127,0.0459046876989305,3.3732033377488756e-05
62649,3.383925677865399,0.05066986713558436,3.3709389859596786e-05
62699,3.3866263368261857,0.048289737105369566,3.3686739532347485e-05
62749,3.389326995786972,0.05450519222766161,3.3664082420579735e-05
62799,3.3920276547477584,0.049548878595232965,3.364141854913982e-05
62849,3.3947283137085447,0.047372458800673485,3.361874794288146e-05
62899,3.3974289726693314,0.05499398153275251,3.359607062666576e-05
62949,3.4001296316301177,0.04589366186410189,3.3573386625361174e-05
62999,3.402830290590904,0.049602406844496724,3.3550695963843477e-05
63049,3.405530949551691,0.05026163518428803,3.3527998666995785e-05
63099,3.408231608512477,0.04756278689950705,3.3505294759708454e-05
63149,3.4109322674732634,0.04911405079066753,3.34825842668791e-05
63199,3.4136329264340497,0.04717776443809271,3.3459867213412564e-05
63249,3.4163335853948364,0.05019476993009448,3.343714362422089e-05
63299,3.4190342443556228,0.04907930564135313,3.3414413524223275e-05
63349,3.421734903316409,0.04711405273526907,3.3391676938346055e-05
63399,3.424435562277196,0.0451147772744298,3.3368933891522684e-05
63449,3.427136221237982,0.053905613850802184,3.33461844086937e-05
63499,3.4298368801987684,0.05066058829426765,3.332342851480672e-05
63549,3.4325375391595547,0.04653651762753725,3.330066623481635e-05
63599,3.4352381981203415,0.046000976972281934,3.327789759368423e-05
63649,3.437938857081128,0.04740018807351589,3.325512261637896e-05
63699,3.440639516041914,0.048995684124529364,3.3232341327876095e-05
63749,3.443340175002701,0.05181059665977955,3.320955375315813e-05
63799,3.446040833963487,0.047659259326756,3.318675991721441e-05
63849,3.4487414929242735,0.048051798865199086,3.3163959845041184e-05
63899,3.4514421518850598,0.042664257138967515,3.314115356164153e-05
63949,3.4541428108458465,0.04916943211108446,3.3118341092025315e-05
63999,3.456843469806633,0.05250573240220547,3.309552246120924e-05
64049,3.459544128767419,0.04867647085338831,3.3072697694216695e-05
64099,3.462244787728206,0.052021611519157886,3.304986681607787e-05
64149,3.464945446688992,0.04731046949513257,3.30270298518296e-05
64199,3.4676461056497785,0.05108124852180481,3.300418682651542e-05
64249,3.470346764610565,0.056404546834528446,3.298133776518551e-05
64299,3.4730474235713515,0.0518481121212244,3.295848269289667e-05
64349,3.475748082532138,0.053319323509931564,3.293562163471229e-05
64399,3.478448741492924,0.045007605962455274,3.2912754615702315e-05
64449,3.481149400453711,0.04584542453289032,3.2889881660943244e-05
64499,3.483850059414497,0.04390112362802029,3.286700279551807e-05
64549,3.4865507183752835,0.05235288893803954,3.284411804451628e-05
64599,3.48925137733607,0.05018105044960976,3.282122743303381e-05
64649,3.4919520362968566,0.05463854594156146,3.2798330986173006e-05
64699,3.494652695257643,0.049134899638593195,3.2775428729042655e-05
64749,3.497353354218429,0.05264802038669586,3.275252068675788e-05
64799,3.500054013179216,0.05176258120685816,3.272960688444014e-05
64849,3.5027546721400022,0.0483757040835917,3.270668734721725e-05
64899,3.5054553311007886,0.04354220008477569,3.268376210022329e-05
64949,3.508155990061575,0.04837968409061432,3.26608311685986e-05
64999,3.5108566490223616,0.04803793266415596,3.2637894577489755e-05
65049,3.513557307983148,0.05050243698060512,3.2614952352049547e-05
65099,3.516257966943934,0.05486329857259989,3.259200451743694e-05
65149,3.518958625904721,0.044563838206231596,3.256905109881703e-05
65199,3.5216592848655073,0.04957355119287968,3.254609212136108e-05
65249,3.5243599438262936,0.050688989143818614,3.2523127610246406e-05
65299,3.52706060278708,0.05152923919260502,3.250015759065642e-05
65349,3.5297612617478666,0.052298091240227225,3.2477182087780564e-05
65399,3.532461920708653,0.04543787745758891,3.2454201126814284e-05
65449,3.5351625796694393,0.046832716688513756,3.2431214732959036e-05
65499,3.5378632386302256,0.054153284206986424,3.240822293142221e-05
65549,3.5405638975910123,0.05244249209761619,3.2385225747417134e-05
65599,3.5432645565517986,0.04782881982624531,3.236222320616305e-05
65649,3.545965215512585,0.04834006123244763,3.233921533288505e-05
65699,3.5486658744733717,0.045190038420259954,3.23162021528141e-05
65749,3.551366533434158,0.049374425373971464,3.229318369118698e-05
65799,3.5540671923949443,0.04882350699976087,3.227015997324623e-05
65849,3.5567678513557306,0.045788029059767726,3.22471310242402e-05
65899,3.5594685103165173,0.053236086517572404,3.222409686942296e-05
65949,3.5621691692773036,0.047962574474513534,3.220105753405426e-05
65999,3.56486982823809,0.049169615656137464,3.217801304339959e-05
66049,3.5675704871988767,0.044830094017088415,3.215496342273003e-05
66099,3.570271146159663,0.04309999693185091,3.213190869732233e-05
66149,3.5729718051204493,0.05117560528218746,3.210884889245883e-05
66199,3.5756724640812356,0.045660671815276145,3.208578403342741e-05
66249,3.5783731230420224,0.04873101010918617,3.206271414552153e-05
66299,3.5810737820028087,0.04827066285535693,3.203963925404016e-05
66349,3.583774440963595,0.04557230666279793,3.201655938428774e-05
66399,3.5864750999243817,0.04493014968931675,3.199347456157416e-05
66449,3.589175758885168,0.04564647357910871,3.197038481121478e-05
66499,3.5918764178459544,0.04479480803012848,3.194729015853034e-05
66549,3.5945770768067407,0.04835162092000246,3.192419062884695e-05
66599,3.5972777357675274,0.045660007186233996,3.190108624749609e-05
66649,3.5999783947283137,0.04949859360232949,3.187797703981453e-05
66699,3.6026790536891,0.0436247224919498,3.185486303114436e-05
66749,3.6053797126498868,0.047430673390626905,3.183174424683292e-05
66799,3.608080371610673,0.04720384661108255,3.18086207122328e-05
66849,3.6107810305714594,0.04408220147714019,3.1785492452701774e-05
66899,3.6134816895322457,0.04404510609805584,3.176235949360283e-05
66949,3.6161823484930324,0.04704264622181654,3.173922186030409e-05
66999,3.6188830074538187,0.0428432435169816,3.171607957817881e-05
67049,3.621583666414605,0.04462350580841303,3.1692932672605326e-05
67099,3.624284325375392,0.05072744932025671,3.166978116896707e-05
67149,3.626984984336178,0.05182629305869341,3.164662509265251e-05
67199,3.6296856432969644,0.0472120444662869,3.16234644690551e-05
67249,3.6323863022577507,0.0524004739895463,3.160029932357332e-05
67299,3.6350869612185375,0.04898917615413666,3.157712968161059e-05
67349,3.6377876201793238,0.05569254456087947,3.1553955568575264e-05
67399,3.64048827914011,0.04753889076411724,3.153077700988061e-05
67449,3.643188938100897,0.04234973426908255,3.150759403094473e-05
67499,3.645889597061683,0.07741207154467702,3.148440665719063e-05
67549,3.6485902560224694,0.05014087222516537,3.146121491404609e-05
67599,3.6512909149832558,0.04501683171838522,3.143801882694371e-05
67649,3.6539915739440425,0.0477693498134613,3.141481842132085e-05
67699,3.656692232904829,0.046835174541920425,3.139161372261959e-05
67749,3.659392891865615,0.04796055877581239,3.136840475628671e-05
67799,3.6620935508264014,0.047249170690774916,3.134519154777373e-05
67849,3.664794209787188,0.04699713369831443,3.132197412253674e-05
67899,3.6674948687479745,0.047686809077858924,3.129875250603651e-05
67949,3.670195527708761,0.04685809571295976,3.12755267237384e-05
67999,3.6728961866695475,0.04128015590831637,3.1252296801112304e-05
68049,3.675596845630334,0.05027199033647776,3.122906276363269e-05
68099,3.67829750459112,0.04702606577426195,3.1205824636778544e-05
68149,3.6809981635519065,0.04765423856675625,3.11825824460333e-05
68199,3.683698822512693,0.044275453835725787,3.1159336216884884e-05
68249,3.6863994814734795,0.047690901942551135,3.113608597482563e-05
68299,3.689100140434266,0.046736430767923595,3.1112831745352276e-05
68349,3.6918007993950526,0.05367492718622088,3.1089573553965945e-05
68399,3.694501458355839,0.047002599742263555,3.106631142617209e-05
68449,3.697202117316625,0.04245331827551126,3.1043045387480484e-05
68499,3.6999027762774115,0.04165063381195069,3.1019775463405195e-05
68549,3.7026034352381982,0.04505372045561671,3.099650167946455e-05
68599,3.7053040941989845,0.04294518722221255,3.0973224061181104e-05
68649,3.708004753159771,0.04526485785841942,3.0949942634081615e-05
68699,3.7107054121205576,0.04465372957289219,3.092665742369703e-05
68749,3.713406071081344,0.051296575479209426,3.090336845556244e-05
68799,3.71610673004213,0.047091815024614334,3.0880075755217037e-05
68849,3.7188073890029165,0.042497785557061435,3.085677934820413e-05
68899,3.7215080479637033,0.04194803040474653,3.083347926007111e-05
68949,3.7242087069244896,0.049082585610449314,3.081017551636935e-05
68999,3.726909365885276,0.045634090565145016,3.078686814265426e-05
69049,3.7296100248460626,0.04821075733751059,3.0763557164485254e-05
69099,3.732310683806849,0.04557083316147328,3.074024260742567e-05
69149,3.7350113427676352,0.046384689211845395,3.071692449704278e-05
69199,3.7377120017284216,0.045416672565042976,3.069360285890775e-05
69249,3.7404126606892083,0.05007734093815088,3.067027771859561e-05
69299,3.7431133196499946,0.047312292605638503,3.064694910168525e-05
69349,3.745813978610781,0.039569588378071785,3.0623617033759334e-05
69399,3.7485146375715677,0.05023011952638626,3.060028154040436e-05
69449,3.751215296532354,0.049247965589165686,3.057694264721055e-05
69499,3.7539159554931403,0.04058023225516081,3.055360037977185e-05
69549,3.7566166144539266,0.0457158344052732,3.053025476368593e-05
69599,3.7593172734147133,0.040655872523784636,3.0506905824554134e-05
69649,3.7620179323754996,0.04660519514232874,3.0483553587981407e-05
69699,3.764718591336286,0.04863923728466034,3.0460198079576358e-05
69749,3.7674192502970727,0.051687015295028685,3.0436839324951166e-05
69799,3.770119909257859,0.043155985362827776,3.0413477349721554e-05
69849,3.7728205682186453,0.04009554348886013,3.039011217950682e-05
69899,3.7755212271794316,0.04255150618031621,3.036674383992971e-05
69949,3.7782218861402184,0.04766009114682675,3.0343372356616485e-05
69999,3.7809225451010047,0.04230928536504507,3.031999775519685e-05
70049,3.783623204061791,0.0448814538680017,3.0296620061303903e-05
70099,3.7863238630225777,0.04578155390918255,3.0273239300574175e-05
70149,3.789024521983364,0.048531118966639045,3.024985549864751e-05
70199,3.7917251809441503,0.05715220591053367,3.022646868116714e-05
70249,3.7944258399049366,0.04714932464063168,3.020307887377956e-05
70299,3.7971264988657234,0.04373415380716324,3.0179686102134576e-05
70349,3.7998271578265097,0.048720917627215386,3.0156290391885204e-05
70399,3.802527816787296,0.05476683281362057,3.013289176868775e-05
70449,3.8052284757480823,0.04361443679779768,3.0109490258201632e-05
70499,3.807929134708869,0.04999345062300563,3.00860858860895e-05
70549,3.8106297936696554,0.0443810524046421,3.0062678678017114e-05
70599,3.8133304526304417,0.048905792832374576,3.0039268659653336e-05
70649,3.8160311115912284,0.042061857506632806,3.0015855856670145e-05
70699,3.8187317705520147,0.04967872940003872,2.999244029474252e-05
70749,3.821432429512801,0.05000669050961733,2.996902199954852e-05
70799,3.8241330884735873,0.04260171674191952,2.994560099676917e-05
70849,3.826833747434374,0.042141842171549794,2.9922177312088463e-05
70899,3.8295344063951604,0.04682743152603507,2.989875097119335e-05
70949,3.8322350653559467,0.04384187635034323,2.9875321999773688e-05
70999,3.8349357243167335,0.04701114233583212,2.9851890423522204e-05
71049,3.8376363832775198,0.04027028039097786,2.9828456268134507e-05
71099,3.840337042238306,0.04272830873727798,2.9805019559309023e-05
71149,3.8430377011990924,0.04621023926883936,2.9781580322746964e-05
71199,3.845738360159879,0.04255620816722512,2.9758138584152335e-05
71249,3.8484390191206654,0.04414859663695097,2.973469436923188e-05
71299,3.8511396780814517,0.05305454984307289,2.971124770369505e-05
71349,3.8538403370422385,0.044610832873731854,2.9687798613253994e-05
71399,3.856540996003025,0.047292380779981616,2.9664347123623498e-05
71449,3.859241654963811,0.042128533981740476,2.964089326052102e-05
71499,3.8619423139245974,0.03978885354474187,2.961743704966658e-05
71549,3.864642972885384,0.0422509678080678,2.959397851678279e-05
71599,3.8673436318461705,0.04316957492381334,2.9570517687594818e-05
71649,3.8700442908069568,0.04515959486365318,2.954705458783033e-05
71699,3.8727449497677435,0.043262080159038305,2.952358924321949e-05
71749,3.87544560872853,0.04164700333029032,2.950012167949494e-05
71799,3.878146267689316,0.043199800364673135,2.9476651922391728e-05
71849,3.8808469266501024,0.04055237943306565,2.945317999764732e-05
71899,3.883547585610889,0.0474780017323792,2.9429705931001567e-05
71949,3.8862482445716755,0.040988498050719496,2.9406229748196656e-05
71999,3.888948903532462,0.04477380869910121,2.9382751474977105e-05
72049,3.8916495624932486,0.03969422189518809,2.935927113708971e-05
72099,3.894350221454035,0.046173010170459744,2.933578876028355e-05
72149,3.897050880414821,0.051821880415081976,2.9312304370309924e-05
72199,3.8997515393756075,0.04120330145582557,2.9288817992922348e-05
72249,3.9024521983363942,0.04316529754549265,2.9265329653876518e-05
72299,3.9051528572971805,0.042924019992351535,2.924183937893027e-05
72349,3.907853516257967,0.04890775948762894,2.921834719384357e-05
72399,3.9105541752187536,0.05325379878282547,2.919485312437849e-05
72449,3.91325483417954,0.06372636172920465,2.9171357196299153e-05
72499,3.915955493140326,0.043480263762176036,2.9147859435371717e-05
72549,3.9186561521011125,0.04460653968155384,2.912435986736437e-05
72599,3.9213568110618993,0.04384357187896967,2.9100858518047258e-05
72649,3.9240574700226856,0.04567508529871702,2.9077355413192498e-05
72699,3.926758128983472,0.042587258853018284,2.9053850578574138e-05
72749,3.929458787944258,0.04559381775557995,2.903034403996809e-05
72799,3.932159446905045,0.05475142052397132,2.900683582315217e-05
72849,3.9348601058658312,0.04432128382846713,2.8983325953906004e-05
72899,3.9375607648266175,0.04885804865509272,2.8959814458011065e-05
72949,3.9402614237874043,0.04283872043713927,2.8936301361250582e-05
72999,3.9429620827481906,0.04014024406671524,2.8912786689409556e-05
73049,3.945662741708977,0.0471610146202147,2.8889270468274697e-05
73099,3.948363400669763,0.037951044645160435,2.8865752723634432e-05
73149,3.95106405963055,0.0440101046487689,2.8842233481278845e-05
73199,3.9537647185913363,0.041294120438396933,2.8818712766999672e-05
73249,3.9564653775521226,0.04082287697121501,2.8795190606590266e-05
73299,3.9591660365129093,0.0380326231289655,2.8771667025845554e-05
73349,3.9618666954736956,0.04722573183476925,2.874814205056203e-05
73399,3.964567354434482,0.045097765997052196,2.8724615706537707e-05
73449,3.9672680133952682,0.04562334455549717,2.8701088019572115e-05
73499,3.969968672356055,0.037778780069202184,2.8677559015466245e-05
73549,3.9726693313168413,0.03984478507190943,2.8654028720022526e-05
73599,3.9753699902776276,0.04119697868824005,2.8630497159044817e-05
73649,3.9780706492384144,0.041646459754556414,2.8606964358338366e-05
73699,3.9807713081992007,0.039433281719684604,2.858343034370977e-05
73749,3.983471967159987,0.03862782210111618,2.8559895140966957e-05
73799,3.9861726261207733,0.04263169962912798,2.853635877591918e-05
73849,3.98887328508156,0.054100825656205415,2.8512821274376923e-05
73899,3.9915739440423463,0.0430939644575119,2.8489282662151963e-05
73949,3.9942746030031326,0.03990305630490184,2.8465742965057267e-05
73999,3.9969752619639194,0.04480204030871391,2.8442202208906994e-05
74049,3.9996759209247057,0.057302612792700526,2.841866041951648e-05
74099,4.0023765798854924,0.039096858706325295,2.839511762270217e-05
74149,4.005077238846279,0.04484197260811925,2.837157384428164e-05
74199,4.007777897807065,0.041328454688191414,2.834802911007353e-05
74249,4.010478556767851,0.04210371643304825,2.832448344589752e-05
74299,4.013179215728638,0.036249140668660404,2.830093687757432e-05
74349,4.015879874689424,0.040350738018751144,2.827738943092563e-05
74399,4.01858053365021,0.04397474978119135,2.825384113177411e-05
74449,4.0212811926109975,0.03852799914777279,2.8230292005943364e-05
74499,4.023981851571784,0.04154543470591307,2.8206742079257886e-05
74549,4.02668251053257,0.04635760234668851,2.8183191377543066e-05
74599,4.029383169493356,0.047070758827030657,2.815963992662514e-05
74649,4.032083828454143,0.04381350809708238,2.813608775233115e-05
74699,4.034784487414929,0.03806794308125973,2.8112534880488945e-05
74749,4.037485146375715,0.04498225413262844,2.808898133692715e-05
74799,4.0401858053365025,0.04967253092676401,2.80654271474751e-05
74849,4.042886464297289,0.045915961265563965,2.804187233796285e-05
74899,4.045587123258075,0.04405718248337507,2.8018316934221145e-05
74949,4.048287782218861,0.03974125288426876,2.799476096208137e-05
74999,4.050988441179648,0.03836379874497652,2.7971204447375533e-05
75049,4.053689100140434,0.042775342874228954,2.7947647415936256e-05
75099,4.05638975910122,0.03664749439805746,2.792408989359669e-05
75149,4.0590904180620075,0.042804684415459635,2.7900531906190558e-05
75199,4.061791077022794,0.04010680202394724,2.7876973479552088e-05
75249,4.06449173598358,0.04332183189690113,2.785341463951597e-05
75299,4.0671923949443665,0.03972488591447473,2.782985541191737e-05
75349,4.069893053905153,0.04406473193317652,2.7806295822591867e-05
75399,4.072593712865939,0.04097099844366312,2.778273589737544e-05
75449,4.075294371826725,0.04107811583206058,2.7759175662104427e-05
75499,4.077995030787513,0.04130694134160876,2.7735615142615534e-05
75549,4.080695689748299,0.04262994395568967,2.771205436474575e-05
75599,4.083396348709085,0.03920601239427924,2.768849335433234e-05
75649,4.0860970076698715,0.04276057474315167,2.7664932137212864e-05
75699,4.088797666630658,0.03818132439628243,2.764137073922508e-05
75749,4.091498325591444,0.04051728181540966,2.761780918620694e-05
75799,4.09419898455223,0.04168093740940094,2.759424750399659e-05
75849,4.096899643513018,0.04014995932579041,2.7570685718432294e-05
75899,4.099600302473804,0.04410073056817055,2.7547123855352436e-05
75949,4.10230096143459,0.043188772611320016,2.7523561940595504e-05
75999,4.1050016203953765,0.04093906510621309,2.7500000000000004e-05
76049,4.107702279356163,0.04081115053966641,2.747643805940451e-05
76099,4.110402938316949,0.043673014491796495,2.7452876144647566e-05
76149,4.1131035972777354,0.03952437915839255,2.7429314281567714e-05
76199,4.115804256238523,0.045746366754174234,2.740575249600342e-05
76249,4.118504915199309,0.05463855654001236,2.7382190813793056e-05
76299,4.121205574160095,0.038958951495587826,2.7358629260774928e-05
76349,4.123906233120882,0.04617907077074051,2.733506786278714e-05
76399,4.126606892081668,0.04107934771105647,2.7311506645667663e-05
76449,4.129307551042454,0.04589068740606308,2.7287945635254263e-05
76499,4.1320082100032405,0.03847195154055953,2.7264384857384478e-05
76549,4.134708868964027,0.04002518370747566,2.7240824337895572e-05
76599,4.137409527924814,0.043264901004731654,2.7217264102624566e-05
76649,4.1401101868856,0.04458863804116845,2.719370417740815e-05
76699,4.142810845846387,0.03910392362624407,2.7170144588082635e-05
76749,4.145511504807173,0.03809977842494845,2.714658536048404e-05
76799,4.148212163767959,0.043486781790852545,2.7123026520447924e-05
76849,4.1509128227287455,0.0423896243982017,2.7099468093809444e-05
76899,4.153613481689532,0.03928727354854345,2.7075910106403317e-05
76949,4.156314140650319,0.03936041880398989,2.705235258406376e-05
76999,4.159014799611105,0.039655719622969626,2.702879555262447e-05
77049,4.161715458571892,0.03622090145945549,2.700523903791864e-05
77099,4.164416117532678,0.04192433536052704,2.6981683065778867e-05
77149,4.167116776493464,0.03719114094972611,2.695812766203716e-05
77199,4.1698174354542505,0.041098937019705774,2.6934572852524907e-05
77249,4.172518094415037,0.04033106418326497,2.691101866307286e-05
77299,4.175218753375824,0.0383737245388329,2.688746511951105e-05
77349,4.17791941233661,0.038602024018764496,2.6863912247668854e-05
77399,4.180620071297397,0.04604096222668886,2.6840360073374865e-05
77449,4.183320730258183,0.04227794695645571,2.6816808622456936e-05
77499,4.186021389218969,0.04020412230864167,2.6793257920742116e-05
77549,4.188722048179756,0.0387859171256423,2.676970799405664e-05
77599,4.191422707140542,0.043097228035330774,2.6746158868225894e-05
77649,4.194123366101329,0.03687370950356126,2.6722610569074374e-05
77699,4.196824025062115,0.04096381301060319,2.669906312242569e-05
77749,4.199524684022902,0.044120359122753146,2.6675516554102482e-05
77799,4.202225342983688,0.04289700347930193,2.6651970889926475e-05
77849,4.204926001944474,0.03817284403368831,2.6628426155718366e-05
77899,4.207626660905261,0.0349514483846724,2.660488237729783e-05
77949,4.210327319866047,0.03985060088336468,2.6581339580483526e-05
77999,4.213027978826834,0.036354648694396016,2.6557797791093015e-05
78049,4.21572863778762,0.04063202727586031,2.6534257034942735e-05
78099,4.218429296748407,0.036789883729070424,2.6510717337848046e-05
78149,4.221129955709193,0.040352200753986836,2.6487178725623086e-05
78199,4.223830614669979,0.03851309683173895,2.6463641224080822e-05
78249,4.226531273630766,0.03858047150075436,2.6440104859033045e-05
78299,4.229231932591552,0.035985184460878374,2.641656965629024e-05
78349,4.231932591552339,0.0378722938708961,2.6393035641661636e-05
78399,4.2346332505131254,0.03681276289746165,2.636950284095519e-05
78449,4.237333909473912,0.03753664363175631,2.634597127997749e-05
78499,4.240034568434698,0.040294975060969594,2.6322440984533764e-05
78549,4.242735227395484,0.0380710924603045,2.6298911980427894e-05
78599,4.245435886356271,0.03633434040471911,2.6275384293462302e-05
78649,4.248136545317057,0.0339883659221232,2.6251857949437974e-05
78699,4.250837204277844,0.04454366534948349,2.622833297415445e-05
78749,4.2535378632386305,0.040830188579857346,2.620480939340974e-05
78799,4.256238522199417,0.038824100038036706,2.618128723300033e-05
78849,4.258939181160203,0.03664624081924558,2.615776651872116e-05
78899,4.261639840120989,0.03768493752926588,2.6134247276365576e-05
78949,4.264340499081776,0.036121834516525266,2.611072953172531e-05
78999,4.267041158042562,0.04318134257569909,2.6087213310590453e-05
79049,4.269741817003349,0.03388087229803204,2.6063698638749423e-05
79099,4.2724424759641355,0.031973333656787874,2.6040185541988936e-05
79149,4.275143134924922,0.04086151583120227,2.6016674046093998e-05
79199,4.277843793885708,0.03495660433545709,2.5993164176847844e-05
79249,4.280544452846494,0.037930056657642125,2.5969655960031923e-05
79299,4.283245111807281,0.03687842191196978,2.594614942142587e-05
79349,4.285945770768067,0.03627778358757496,2.592264458680751e-05
79399,4.288646429728854,0.03569402907043696,2.5899141481952754e-05
79449,4.2913470886896405,0.037722730990499255,2.587564013263564e-05
79499,4.294047747650427,0.03444964606314897,2.5852140564628296e-05
79549,4.296748406611213,0.03754751045256853,2.5828642803700863e-05
79599,4.2994490655719995,0.03666623253375292,2.5805146875621516e-05
79649,4.302149724532786,0.03502288497984409,2.5781652806156438e-05
79699,4.304850383493572,0.035132382288575174,2.5758160621069745e-05
79749,4.307551042454359,0.040609812382608655,2.5734670346123497e-05
79799,4.310251701415146,0.03773379014804959,2.571118200707766e-05
79849,4.312952360375932,0.03643789496272802,2.5687695629690084e-05
79899,4.315653019336718,0.03385100180283189,2.5664211239716457e-05
79949,4.3183536782975045,0.038933414109051226,2.5640728862910295e-05
79999,4.321054337258291,0.03682977246120572,2.5617248525022907e-05
80049,4.323754996219077,0.03745130639523268,2.559377025180335e-05
80099,4.326455655179864,0.03826452547684312,2.557029406899844e-05
80149,4.329156314140651,0.038137105219066145,2.554682000235269e-05
80199,4.331856973101437,0.040747367590665814,2.5523348077608284e-05
80249,4.334557632062223,0.03938797909766436,2.5499878320505073e-05
80299,4.3372582910230095,0.03675319699570537,2.5476410756780516e-05
80349,4.339958949983796,0.037762689236551523,2.5452945412169676e-05
80399,4.342659608944582,0.041205093655735256,2.5429482312405194e-05
80449,4.345360267905369,0.041002941355109214,2.5406021483217224e-05
80499,4.348060926866156,0.03648367825895548,2.5382562950333426e-05
80549,4.350761585826942,0.03469770787283778,2.535910673947899e-05
80599,4.353462244787728,0.037228883635252716,2.5335652876376514e-05
80649,4.356162903748515,0.03676778003573418,2.5312201386746015e-05
80699,4.358863562709301,0.034938554372638465,2.5288752296304962e-05
80749,4.361564221670087,0.03620011696591973,2.5265305630768126e-05
80799,4.364264880630874,0.033829480893909934,2.524186141584766e-05
80849,4.366965539591661,0.038036559652537105,2.5218419677253048e-05
80899,4.369666198552447,0.0418101579323411,2.5194980440690992e-05
80949,4.372366857513233,0.039067722391337156,2.5171543731865498e-05
80999,4.37506751647402,0.035050234124064446,2.5148109576477802e-05
81049,4.377768175434806,0.03870935468003154,2.5124678000226327e-05
81099,4.380468834395592,0.03947081450372934,2.5101249028806656e-05
81149,4.383169493356379,0.03575622223317623,2.5077822687911546e-05
81199,4.385870152317166,0.03435959072783589,2.5054399003230837e-05
81249,4.388570811277952,0.037719120420515534,2.5030978000451483e-05
81299,4.391271470238738,0.04710586814209819,2.5007559705257483e-05
81349,4.393972129199525,0.04143305139616132,2.4984144143329868e-05
81399,4.396672788160311,0.03275477435439825,2.4960731340346666e-05
81449,4.399373447121097,0.03897437531501055,2.4937321321982892e-05
81499,4.4020741060818835,0.03561509910970926,2.491391411391051e-05
81549,4.404774765042671,0.03737248782068491,2.4890509741798373e-05
81599,4.407475424003457,0.03526227800175548,2.4867108231312263e-05
81649,4.410176082964243,0.037311116643249986,2.4843709608114794e-05
81699,4.41287674192503,0.03786560630425811,2.4820313897865433e-05
81749,4.415577400885816,0.035503682922571896,2.479692112622044e-05
81799,4.418278059846602,0.03812505377456546,2.4773531318832872e-05
81849,4.420978718807389,0.038314736522734164,2.4750144501352492e-05
81899,4.423679377768176,0.03539568588137627,2.4726760699425834e-05
81949,4.426380036728962,0.0416642858274281,2.4703379938696102e-05
81999,4.429080695689748,0.03434355199337005,2.4680002244803153e-05
82049,4.431781354650535,0.033090649228543045,2.4656627643383524e-05
82099,4.434482013611321,0.03949152121320367,2.46332561600703e-05
82149,4.437182672572107,0.03429165683686733,2.4609887820493183e-05
82199,4.439883331532894,0.03388407295569777,2.458652265027845e-05
82249,4.442583990493681,0.03879686113446951,2.4563160675048846e-05
82299,4.445284649454467,0.03821161499246955,2.4539801920423644e-05
82349,4.447985308415253,0.03784653205424547,2.45164464120186e-05
82399,4.45068596737604,0.03593412514775991,2.449309417544588e-05
82449,4.453386626336826,0.037344342842698094,2.4469745236314068e-05
82499,4.456087285297612,0.04034040950238705,2.4446399620228157e-05
82549,4.458787944258399,0.03598110735416413,2.4423057352789462e-05
82599,4.461488603219186,0.03788881953805685,2.439971845959565e-05
82649,4.464189262179972,0.03962005853652954,2.4376382966240675e-05
82699,4.4668899211407584,0.03490535110235214,2.4353050898314767e-05
82749,4.469590580101545,0.04123210832476616,2.4329722281404395e-05
82799,4.472291239062331,0.03726956620812416,2.4306397141092253e-05
82849,4.474991898023117,0.03392883604392409,2.428307550295722e-05
82899,4.477692556983904,0.036870183162391185,2.425975739257433e-05
82949,4.480393215944691,0.038611102662980554,2.4236442835514745e-05
82999,4.483093874905477,0.03971996698528528,2.4213131857345745e-05
83049,4.4857945338662635,0.035077595226466654,2.418982448363066e-05
83099,4.48849519282705,0.037579489257186655,2.41665207399289e-05
83149,4.491195851787836,0.035419075135141614,2.4143220651795872e-05
83199,4.493896510748622,0.037753214333206414,2.4119924244782965e-05
83249,4.496597169709409,0.035687703862786295,2.409663154443757e-05
83299,4.499297828670196,0.039118127655237915,2.4073342576302976e-05
83349,4.501998487630982,0.03104129172861576,2.4050057365918383e-05
83399,4.5046991465917685,0.031840438283979894,2.40267759388189e-05
83449,4.507399805552555,0.03323046140372753,2.400349832053546e-05
83499,4.510100464513341,0.03516584290191531,2.3980224536594803e-05
83549,4.512801123474127,0.03338178756646812,2.395695461251952e-05
83599,4.515501782434914,0.03440220380201936,2.3933688573827923e-05
83649,4.518202441395701,0.03684627656824887,2.3910426446034057e-05
83699,4.520903100356487,0.030562552642077207,2.388716825464773e-05
83749,4.5236037593172735,0.03346942378208041,2.3863914025174377e-05
83799,4.52630441827806,0.03682978253811598,2.384066378311512e-05
83849,4.529005077238846,0.043556790053844455,2.3817417553966703e-05
83899,4.5317057361996325,0.03827984167262912,2.379417536322146e-05
83949,4.534406395160419,0.033881664872169495,2.3770937236367306e-05
83999,4.537107054121206,0.03507527209818363,2.37477031988877e-05
84049,4.539807713081992,0.03501453369855881,2.372447327626161e-05
84099,4.542508372042779,0.0383861032128334,2.370124749396349e-05
84149,4.545209031003565,0.03328037604689598,2.367802587746326e-05
84199,4.547909689964351,0.03542485577985644,2.365480845222628e-05
84249,4.5506103489251375,0.035781668452546,2.3631595243713282e-05
84299,4.553311007885924,0.03509692890569568,2.3608386277380425e-05
84349,4.556011666846711,0.036961059104651216,2.358518157867916e-05
84399,4.558712325807497,0.03710799615830183,2.3561981173056292e-05
84449,4.561412984768284,0.04095158388838172,2.3538785085953913e-05
84499,4.56411364372907,0.030592401139438154,2.351559334280938e-05
84549,4.566814302689856,0.030205852426588534,2.349240596905527e-05
84599,4.5695149616506425,0.03407829502597451,2.34692229901194e-05
84649,4.572215620611429,0.03781098834238947,2.344604443142474e-05
84699,4.574916279572216,0.03529135236516595,2.3422870318389406e-05
84749,4.577616938533002,0.0453701807372272,2.3399700676426684e-05
84799,4.580317597493789,0.033167771585285666,2.3376535530944915e-05
84849,4.583018256454575,0.03125081561505794,2.3353374907347498e-05
84899,4.585718915415361,0.032037862576544285,2.3330218831032934e-05
84949,4.588419574376148,0.03183059203438461,2.3307067327394682e-05
84999,4.591120233336934,0.039266966991126535,2.3283920421821192e-05
85049,4.593820892297721,0.035868712663650514,2.3260778139695915e-05
85099,4.596521551258507,0.03325024601072073,2.323764050639718e-05
85149,4.599222210219294,0.034104857463389635,2.321450754729823e-05
85199,4.60192286918008,0.03751168094575405,2.319137928776721e-05
85249,4.604623528140866,0.032997985035181046,2.316825575316709e-05
85299,4.607324187101653,0.03290669295936823,2.3145136968855646e-05
85349,4.610024846062439,0.033422771599143745,2.3122022960185473e-05
85399,4.612725505023226,0.03496766136027873,2.309891375250392e-05
85449,4.615426163984012,0.039456263463944194,2.307580937115305e-05
85499,4.618126822944799,0.03269745049998164,2.305270984146966e-05
85549,4.620827481905585,0.037702899388968945,2.3029615188785224e-05
85599,4.623528140866371,0.044046897934749724,2.3006525438425845e-05
85649,4.626228799827158,0.035379797983914614,2.298344061571227e-05
85699,4.628929458787944,0.03154743643477559,2.2960360745959848e-05
85749,4.631630117748731,0.03359014576300979,2.293728585447848e-05
85799,4.634330776709517,0.03644554384052753,2.2914215966572596e-05
85849,4.637031435670304,0.03519130378961563,2.289115110754118e-05
85899,4.63973209463109,0.030991217028349637,2.286809130267768e-05
85949,4.642432753591876,0.036181283062323925,2.2845036577269973e-05
85999,4.645133412552663,0.03209263963624835,2.282198695660042e-05
86049,4.647834071513449,0.040038833748549225,2.2798942465945744e-05
86099,4.650534730474236,0.03952981231734157,2.277590313057705e-05
86149,4.6532353894350225,0.03782034531235695,2.2752868975759806e-05
86199,4.655936048395809,0.03166881026700139,2.272984002675378e-05
86249,4.658636707356595,0.03301359109580517,2.2706816308813028e-05
86299,4.661337366317381,0.03476410135626793,2.26837978471859e-05
86349,4.664038025278168,0.03625443397089839,2.2660784667114958e-05
86399,4.666738684238954,0.03938106030225754,2.2637776793836957e-05
86449,4.66943934319974,0.032591598834842445,2.261477425258287e-05
86499,4.6721400021605275,0.03394206531345844,2.2591777068577803e-05
86549,4.674840661121314,0.029618669096380473,2.256878526704097e-05
86599,4.6775413200821,0.03638949323445559,2.254579887318572e-05
86649,4.680241979042886,0.03250807881355286,2.2522817912219445e-05
86699,4.682942638003673,0.036575100794434545,2.249984240934358e-05
86749,4.685643296964459,0.03145240610465407,2.24768723897536e-05
86799,4.688343955925245,0.03342962894588709,2.245390787863893e-05
86849,4.6910446148860325,0.03263154486194253,2.2430948901182974e-05
86899,4.693745273846819,0.03836606685072184,2.2407995482563072e-05
86949,4.696445932807605,0.03653460539877415,2.2385047647950462e-05
86999,4.6991465917683914,0.030352471247315407,2.236210542251025e-05
87049,4.701847250729178,0.03425072818994522,2.233916883140141e-05
87099,4.704547909689964,0.037131649628281596,2.231623789977672e-05
87149,4.70724856865075,0.034443939831107856,2.229331265278275e-05
87199,4.709949227611538,0.03557494396343827,2.227039311555986e-05
87249,4.712649886572324,0.03604446295648813,2.2247479313242138e-05
87299,4.71535054553311,0.030269368160516022,2.2224571270957344e-05
87349,4.7180512044938965,0.03761560207232833,2.2201669013827e-05
87399,4.720751863454683,0.03214722417294979,2.21787725669662e-05
87449,4.723452522415469,0.03468553494662047,2.215588195548372e-05
87499,4.726153181376255,0.031181126330047847,2.2132997204481937e-05
87549,4.728853840337043,0.031135465558618305,2.2110118339056768e-05
87599,4.731554499297829,0.034375777896493674,2.2087245384297683e-05
87649,4.734255158258615,0.03481900047510862,2.206437836528772e-05
87699,4.7369558172194015,0.03528771612793207,2.2041517307103337e-05
87749,4.739656476180188,0.03508146837353707,2.2018662234814497e-05
87799,4.742357135140974,0.032425265237689016,2.199581317348459e-05
87849,4.74505779410176,0.03152652656659484,2.1972970148170412e-05
87899,4.747758453062548,0.03051614871248603,2.1950133183922138e-05
87949,4.750459112023334,0.03584427272900939,2.192730230578331e-05
87999,4.75315977098412,0.036941904667764904,2.1904477538790774e-05
88049,4.7558604299449065,0.03298958794213831,2.1881658907974684e-05
88099,4.758561088905693,0.03718000577762723,2.1858846438358477e-05
88149,4.761261747866479,0.03584486875683069,2.183604015495882e-05
88199,4.7639624068272655,0.036275587864220145,2.181324008278559e-05
88249,4.766663065788053,0.03448745217174291,2.1790446246841877e-05
88299,4.769363724748839,0.03473883664235473,2.176765867212391e-05
88349,4.772064383709625,0.037014890387654306,2.1744877383621042e-05
88399,4.774765042670412,0.03232626913115382,2.1722102406315774e-05
88449,4.777465701631198,0.03329920066520572,2.1699333765183653e-05
88499,4.780166360591984,0.033570996560156344,2.1676571485193282e-05
88549,4.7828670195527705,0.032590562365949156,2.1653815591306298e-05
88599,4.785567678513558,0.030643536411225795,2.1631066108477328e-05
88649,4.788268337474344,0.03296393861994147,2.160832306165395e-05
88699,4.79096899643513,0.03028169048950076,2.158558647577673e-05
88749,4.793669655395917,0.03372223511338234,2.1562856375779116e-05
88799,4.796370314356703,0.043139403834939,2.154013278658743e-05
88849,4.799070973317489,0.03137646222487092,2.151741573312091e-05
88899,4.8017716322782755,0.039979490470141175,2.1494705240291558e-05
88949,4.804472291239063,0.029344916325062514,2.1472001333004217e-05
88999,4.807172950199849,0.03444016985595226,2.1449304036156525e-05
89049,4.809873609160635,0.0341888789832592,2.142661337463884e-05
89099,4.812574268121422,0.03122658558189869,2.1403929373334247e-05
89149,4.815274927082208,0.03284610901027918,2.1381252057118545e-05
89199,4.817975586042994,0.03326942982152104,2.135858145086019e-05
89249,4.820676245003781,0.034230838902294634,2.1335917579420274e-05
89299,4.823376903964568,0.03784199010580778,2.131326046765252e-05
89349,4.826077562925354,0.02840968657284975,2.129061014040323e-05
89399,4.82877822188614,0.03397680962458253,2.126796662251125e-05
89449,4.831478880846927,0.03425986750051379,2.124532993880799e-05
89499,4.834179539807713,0.03200802870094776,2.1222700114117343e-05
89549,4.836880198768499,0.03072987262159586,2.1200077173255688e-05
89599,4.839580857729286,0.034672127440571784,2.1177461141031858e-05
89649,4.842281516690073,0.033423528652638194,2.115485204224709e-05
89699,4.844982175650859,0.03635249432176352,2.1132249901695044e-05
89749,4.847682834611645,0.03422770274803042,2.1109654744161744e-05
89799,4.850383493572432,0.03194001939147711,2.108706659442554e-05
89849,4.853084152533218,0.030649473536759616,2.1064485477257113e-05
89899,4.855784811494004,0.03286982692778111,2.1041911417419418e-05
89949,4.858485470454791,0.03097758850082755,2.1019344439667706e-05
89999,4.861186129415578,0.031651712991297244,2.0996784568749388e-05
90049,4.863886788376364,0.031416680458933116,2.0974231829404174e-05
90099,4.86658744733715,0.031083754412829876,2.095168624636389e-05
90149,4.869288106297937,0.03149175213649869,2.092914784435252e-05
90199,4.871988765258723,0.03036174049600959,2.0906616648086214e-05
90249,4.874689424219509,0.03356129245832563,2.0884092682273164e-05
90299,4.877390083180296,0.03846610780805349,2.0861575971613667e-05
90349,4.880090742141083,0.03184004923328757,2.0839066540800073e-05
90399,4.882791401101869,0.029517334178090094,2.081656441451672e-05
90449,4.8854920600626555,0.034723430890589956,2.0794069617439944e-05
90499,4.888192719023442,0.03946642668917775,2.0771582174238052e-05
90549,4.890893377984228,0.038648475985974075,2.0749102109571287e-05
90599,4.893594036945014,0.03347720429301262,2.0726629448091795e-05
90649,4.896294695905801,0.029677457492798567,2.07041642144436e-05
90699,4.898995354866588,0.0312280803732574,2.0681706433262593e-05
90749,4.901696013827374,0.028059553550556303,2.065925612917647e-05
90799,4.9043966727881605,0.035872344821691514,2.063681332680476e-05
90849,4.907097331748947,0.030530711431056262,2.0614378050758738e-05
90899,4.909797990709733,0.030527677834033966,2.0591950325641436e-05
90949,4.912498649670519,0.031405706945806744,2.05695301760476e-05
90999,4.915199308631306,0.030875155618414283,2.054711762656369e-05
91049,4.917899967592093,0.029964779959991573,2.052471270176779e-05
91099,4.920600626552879,0.03598619895987212,2.050231542622967e-05
91149,4.9233012855136655,0.028035288136452438,2.0479925824510672e-05
91199,4.926001944474452,0.03499261636286974,2.0457543921163742e-05
91249,4.928702603435238,0.03712236763909459,2.043516974073339e-05
91299,4.9314032623960244,0.029829174932092428,2.0412803307755652e-05
91349,4.934103921356811,0.03072912646457553,2.0390444646758032e-05
91399,4.936804580317597,0.030041611129418014,2.0368093782259585e-05
91449,4.939505239278384,0.029279171861708163,2.0345750738770757e-05
91499,4.942205898239171,0.030122148469090462,2.0323415540793427e-05
91549,4.944906557199957,0.02707275103777647,2.030108821282089e-05
91599,4.947607216160743,0.03389793060719967,2.0278768779337792e-05
91649,4.9503078751215295,0.03402524145320058,2.025645726482013e-05
91699,4.953008534082316,0.03150265723466873,2.0234153693735215e-05
91749,4.955709193043102,0.029703755415976047,2.0211858090541646e-05
91799,4.958409852003889,0.03553425973281264,2.0189570479689285e-05
91849,4.961110510964676,0.036381225120276216,2.0167290885619233e-05
91899,4.963811169925462,0.02836164666339755,2.0145019332763798e-05
91949,4.966511828886248,0.030706137176603077,2.012275584554647e-05
91999,4.9692124878470345,0.028481385689228773,2.0100500448381883e-05
92049,4.971913146807821,0.03228438688442111,2.0078253165675814e-05
92099,4.974613805768607,0.028952694023028015,2.0056014021825143e-05
92149,4.977314464729394,0.032074952740222214,2.00337830412178e-05
92199,4.980015123690181,0.029161324724555016,2.00115602482328e-05
92249,4.982715782650967,0.03676611309871078,1.9989345667240157e-05
92299,4.985416441611753,0.03178801394999027,1.9967139322600874e-05
92349,4.9881171005725395,0.035475162267684934,1.9944941238666937e-05
92399,4.990817759533326,0.029670186899602415,1.9922751439781272e-05
92449,4.993518418494112,0.029886827133595945,1.990056995027769e-05
92499,4.996219077454899,0.03271312358789146,1.9878396794480948e-05
92549,4.998919736415686,0.030429858239367603,1.985623199670661e-05
92599,5.001620395376472,0.03191669245250523,1.9834075581261092e-05
92649,5.004321054337258,0.03162429479882121,1.981192757244163e-05
92699,5.007021713298045,0.03036716114729643,1.978978799453623e-05
92749,5.009722372258831,0.027150692772120236,1.9767656871823643e-05
92799,5.012423031219617,0.029388350751250982,1.974553422857337e-05
92849,5.015123690180404,0.037243288718163965,1.9723420089045602e-05
92899,5.017824349141191,0.03573945328593254,1.970131447749119e-05
92949,5.020525008101977,0.02993126155808568,1.9679217418151668e-05
92999,5.023225667062763,0.029114719443023206,1.9657128935259162e-05
93049,5.02592632602355,0.029489344488829373,1.9635049053036397e-05
93099,5.028626984984336,0.030095818098634482,1.961297779569668e-05
93149,5.031327643945122,0.03480898074805736,1.9590915187443838e-05
93199,5.034028302905909,0.0315532582718879,1.9568861252472236e-05
93249,5.036728961866696,0.029141664765775205,1.9546816014966717e-05
93299,5.039429620827482,0.030734627097845076,1.9524779499102586e-05
93349,5.042130279788268,0.028065467439591884,1.9502751729045586e-05
93399,5.044830938749055,0.028616420701146127,1.948073272895186e-05
93449,5.047531597709841,0.0316533886641264,1.9458722522967954e-05
93499,5.050232256670627,0.04115882663056254,1.9436721135230745e-05
93549,5.0529329156314144,0.025970192663371562,1.9414728589867465e-05
93599,5.055633574592201,0.02703938577324152,1.9392744910995626e-05
93649,5.058334233552987,0.028960627783089877,1.9370770122723025e-05
93699,5.061034892513773,0.03245326621457934,1.9348804249147722e-05
93749,5.06373555147456,0.029619207307696342,1.9326847314357994e-05
93799,5.066436210435346,0.03259734455496073,1.9304899342432293e-05
93849,5.069136869396132,0.027934726048260927,1.928296035743928e-05
93899,5.0718375283569195,0.03234807513654232,1.9261030383437734e-05
93949,5.074538187317706,0.027300522569566964,1.923910944447655e-05
93999,5.077238846278492,0.034648192822933195,1.9217197564594746e-05
94049,5.079939505239278,0.028152591912075878,1.919529476782138e-05
94099,5.082640164200065,0.03142601233907044,1.917340107817554e-05
94149,5.085340823160851,0.031799977160990235,1.9151516519666356e-05
94199,5.088041482121637,0.028932425174862147,1.912964111629293e-05
94249,5.0907421410824245,0.03076266335323453,1.91077748920443e-05
94299,5.093442800043211,0.030398874934762718,1.9085917870899496e-05
94349,5.096143459003997,0.026804974246770145,1.90640700768274e-05
94399,5.098844117964783,0.027454789830371737,1.9042231533786804e-05
94449,5.10154477692557,0.027718781000003218,1.9020402265726345e-05
94499,5.104245435886356,0.03481939425691962,1.8998582296584492e-05
94549,5.106946094847142,0.02884140665642917,1.897677165028952e-05
94599,5.1096467538079295,0.030709225367754698,1.8954970350759476e-05
94649,5.112347412768716,0.03008293275721371,1.8933178421902158e-05
94699,5.115048071729502,0.03399283193051815,1.891139588761509e-05
94749,5.1177487306902885,0.03186108397319913,1.888962277178548e-05
94799,5.120449389651075,0.02922406282275915,1.8867859098290236e-05
94849,5.123150048611861,0.03128126917406917,1.884610489099588e-05
94899,5.125850707572647,0.028641124200075866,1.8824360173758583e-05
94949,5.128551366533435,0.03473533969372511,1.8802624970424076e-05
94999,5.131252025494221,0.027851488934829832,1.878089930482769e-05
95049,5.133952684455007,0.030243729390203953,1.8759183200794268e-05
95099,5.1366533434157935,0.031706947442144154,1.873747668213819e-05
95149,5.13935400237658,0.02817951014265418,1.8715779772663306e-05
95199,5.142054661337366,0.027974966932088136,1.8694092496162945e-05
95249,5.144755320298152,0.029375388082116843,1.8672414876419874e-05
95299,5.14745597925894,0.028384819366037845,1.865074693720623e-05
95349,5.150156638219726,0.030447006118483843,1.8629088702283604e-05
95399,5.152857297180512,0.03215323282405734,1.8607440195402888e-05
95449,5.1555579561412985,0.029360257908701896,1.8585801440304308e-05
95499,5.158258615102085,0.02459942384622991,1.856417246071744e-05
95549,5.160959274062871,0.03523533754050732,1.8542553280361098e-05
95599,5.1636599330236574,0.02988574070855975,1.8520943922943357e-05
95649,5.166360591984445,0.033982679899781945,1.8499344412161544e-05
95699,5.169061250945231,0.029102793037891386,1.8477754771702166e-05
95749,5.171761909906017,0.02588869532570243,1.84561750252409e-05
95799,5.174462568866804,0.02753587022423744,1.8434605196442595e-05
95849,5.17716322782759,0.02572940739803016,1.8413045308961208e-05
95899,5.179863886788376,0.029185426905751228,1.83914953864398e-05
95949,5.1825645457491625,0.023495466969907283,1.8369955452510505e-05
95999,5.18526520470995,0.027880020290613174,1.83484255307945e-05
96049,5.187965863670736,0.023172599263489246,1.832690564490198e-05
96099,5.190666522631522,0.02777293821796775,1.8305395818432154e-05
96149,5.193367181592309,0.026920212283730507,1.828389607497316e-05
96199,5.196067840553095,0.03387005815282464,1.826240643810212e-05
96249,5.198768499513881,0.025513907130807638,1.8240926931385057e-05
96299,5.2014691584746675,0.029410251770168542,1.8219457578376874e-05
96349,5.204169817435454,0.02815732091665268,1.8197998402621345e-05
96399,5.206870476396241,0.025075147412717342,1.8176549427651108e-05
96449,5.209571135357027,0.029317937977612018,1.815511067698758e-05
96499,5.212271794317814,0.028995515760034323,1.8133682174140975e-05
96549,5.2149724532786,0.02741858497262001,1.8112263942610286e-05
96599,5.217673112239386,0.02629789860919118,1.8090856005883223e-05
96649,5.2203737712001725,0.03443942771293223,1.8069458387436206e-05
96699,5.223074430160959,0.034370114132761954,1.804807111073436e-05
96749,5.225775089121746,0.025772027596831323,1.8026694199231455e-05
96799,5.228475748082532,0.03061699646525085,1.8005327676369892e-05
96849,5.231176407043319,0.026656978009268643,1.798397156558068e-05
96899,5.233877066004105,0.027015009764581918,1.796262589028342e-05
96949,5.236577724964891,0.02621724806725979,1.7941290673886253e-05
96999,5.239278383925678,0.03211302988231182,1.7919965939785866e-05
97049,5.241979042886464,0.02776732550933957,1.789865171136745e-05
97099,5.244679701847251,0.02508576074615121,1.7877348012004656e-05
97149,5.247380360808037,0.027858912572264673,1.785605486505962e-05
97199,5.250081019768824,0.03548069091513753,1.783477229388287e-05
97249,5.25278167872961,0.030054481904953717,1.7813500321813354e-05
97299,5.255482337690396,0.027707553021609783,1.7792238972178422e-05
97349,5.258182996651183,0.02984826557338238,1.7770988268293743e-05
97399,5.260883655611969,0.026723008342087268,1.7749748233463292e-05
97449,5.263584314572756,0.026995748551562428,1.7728518890979402e-05
97499,5.266284973533542,0.03484793655574322,1.7707300264122633e-05
97549,5.268985632494329,0.031593744084239005,1.7686092376161817e-05
97599,5.271686291455115,0.029405926037579775,1.766489525035402e-05
97649,5.274386950415901,0.025125517202541234,1.7643708909944456e-05
97699,5.277087609376688,0.026491509936749934,1.762253337816656e-05
97749,5.279788268337474,0.02703774329274893,1.760136867824191e-05
97799,5.282488927298261,0.033276939261704684,1.758021483338019e-05
97849,5.2851895862590474,0.025893295309506358,1.755907186677917e-05
97899,5.287890245219834,0.028685767743736504,1.753793980162472e-05
97949,5.29059090418062,0.029732801616191865,1.751681866109074e-05
97999,5.293291563141406,0.025434569846838714,1.749570846833914e-05
98049,5.295992222102193,0.026984671391546727,1.7474609246519834e-05
98099,5.298692881062979,0.025897750668227672,1.745352101877072e-05
98149,5.301393540023766,0.025553445648401975,1.7432443808217622e-05
98199,5.3040941989845525,0.02661196199245751,1.741137763797428e-05
98249,5.306794857945339,0.02812172076664865,1.7390322531142332e-05
98299,5.309495516906125,0.02641465640626848,1.736927851081129e-05
98349,5.312196175866911,0.03291454205289483,1.7348245600058486e-05
98399,5.314896834827698,0.02839377360418439,1.7327223821949105e-05
98449,5.317597493788484,0.02369642081670463,1.7306213199536113e-05
98499,5.320298152749271,0.02610574634745717,1.72852137558602e-05
98549,5.3229988117100575,0.029592626160010696,1.7264225513949856e-05
98599,5.325699470670844,0.027883239155635238,1.724324849682126e-05
98649,5.32840012963163,0.025424433816224338,1.722228272747826e-05
98699,5.331100788592416,0.028601963855326176,1.720132822891243e-05
98749,5.333801447553203,0.023841055696830152,1.7180385024102924e-05
98799,5.336502106513989,0.02417382124811411,1.7159453136016526e-05
98849,5.339202765474776,0.026077636638656258,1.713853258760764e-05
98899,5.3419034244355625,0.028194578364491463,1.7117623401818196e-05
98949,5.344604083396349,0.03178981876000762,1.709672560157769e-05
98999,5.347304742357135,0.027359059136360882,1.707583920980312e-05
99049,5.3500054013179215,0.027287288773804902,1.7054964249398968e-05
99099,5.352706060278708,0.0262750194221735,1.7034100743257188e-05
99149,5.355406719239494,0.027249147798866034,1.7013248714257185e-05
99199,5.358107378200281,0.029600217184051873,1.699240818526576e-05
99249,5.360808037161068,0.028694410584867002,1.6971579179137105e-05
99299,5.363508696121854,0.02695863104425371,1.6950761718712775e-05
99349,5.36620935508264,0.024138163849711416,1.692995582682168e-05
99399,5.3689100140434265,0.02710914462804794,1.690916152628002e-05
99449,5.371610673004213,0.026525362860411406,1.68883788398913e-05
99499,5.374311331964999,0.02617308816872537,1.6867607790446288e-05
99549,5.377011990925786,0.026799506563693284,1.6846848400722977e-05
99599,5.379712649886573,0.022722126618027687,1.6826100693486597e-05
99649,5.382413308847359,0.026393046639859676,1.6805364691489538e-05
99699,5.385113967808145,0.022497710343450307,1.678464041747137e-05
99749,5.3878146267689315,0.025752528477460145,1.676392789415881e-05
99799,5.390515285729718,0.03122006478719413,1.674322714426568e-05
99849,5.393215944690504,0.027142576817423106,1.672253819049288e-05
99899,5.395916603651291,0.032639716695994136,1.6701861055528394e-05
99949,5.398617262612078,0.028023197297006846,1.6681195762047226e-05
99999,5.401317921572864,0.02597882693633437,1.6660542332711403e-05
100049,5.40401858053365,0.028866740204393865,1.663990079016996e-05
100099,5.406719239494437,0.026284742075949906,1.6619271157058878e-05
100149,5.409419898455223,0.02327540419995785,1.6598653456001047e-05
100199,5.412120557416009,0.025042115524411202,1.6578047709606335e-05
100249,5.414821216376796,0.026064486932009457,1.655745394047147e-05
100299,5.417521875337583,0.02542339626699686,1.6536872171180016e-05
100349,5.420222534298369,0.030656144712120293,1.6516302424302454e-05
100399,5.422923193259155,0.02789964035153389,1.6495744722395995e-05
100449,5.425623852219942,0.025791024304926396,1.647519908800468e-05
100499,5.428324511180728,0.02459443125873804,1.645466554365933e-05
100549,5.431025170141514,0.026859765024855733,1.6434144111877497e-05
100599,5.433725829102301,0.025489174844697118,1.6413634815163442e-05
100649,5.436426488063088,0.02577242667786777,1.6393137676008124e-05
100699,5.439127147023874,0.025601953128352763,1.6372652716889163e-05
100749,5.44182780598466,0.02737817581743002,1.635217996027083e-05
100799,5.444528464945447,0.029848245196044444,1.633171942860402e-05
100849,5.447229123906233,0.02778082954697311,1.6311271144326216e-05
100899,5.449929782867019,0.025831157229840754,1.629083512986146e-05
100949,5.4526304418278055,0.033938456187024714,1.627041140762035e-05
100999,5.455331100788593,0.026707683531567453,1.6250000000000005e-05
101049,5.458031759749379,0.024980024565011263,1.6229600929384026e-05
101099,5.460732418710165,0.028717896547168494,1.620921421814251e-05
101149,5.463433077670952,0.02743200421333313,1.618883988863198e-05
101199,5.466133736631738,0.026586283957585694,1.6168477963195384e-05
101249,5.468834395592524,0.024880987638607622,1.614812846416207e-05
101299,5.471535054553311,0.02366379770450294,1.612779141384776e-05
101349,5.474235713514098,0.028484507594257594,1.6107466834554514e-05
101399,5.476936372474884,0.0339545575901866,1.6087154748570746e-05
101449,5.47963703143567,0.024060072051361202,1.606685517817114e-05
101499,5.482337690396457,0.026661265129223465,1.6046568145616648e-05
101549,5.485038349357243,0.029998387070372702,1.602629367315451e-05
101599,5.487739008318029,0.02451349874958396,1.6006031783018155e-05
101649,5.490439667278816,0.022182671800255776,1.5985782497427236e-05
101699,5.493140326239603,0.031719646090641616,1.5965545838587593e-05
101749,5.495840985200389,0.03070078511722386,1.594532182869118e-05
101799,5.498541644161175,0.02685013497248292,1.5925110489916106e-05
101849,5.501242303121962,0.02904466852545738,1.5904911844426594e-05
101899,5.503942962082748,0.03362724740058184,1.5884725914372933e-05
101949,5.506643621043534,0.02801783070899546,1.586455272189147e-05
101999,5.509344280004321,0.027247917568311096,1.5844392289104574e-05
102049,5.512044938965108,0.027308014035224915,1.5824244638120643e-05
102099,5.514745597925894,0.026419018981978296,1.5804109791034035e-05
102149,5.5174462568866804,0.022472806572914124,1.5783987769925096e-05
102199,5.520146915847467,0.02994254750199616,1.5763878596860075e-05
102249,5.522847574808253,0.02281864417716861,1.5743782293891153e-05
102299,5.525548233769039,0.023967453222721816,1.5723698883056385e-05
102349,5.528248892729826,0.02796796922571957,1.57036283863797e-05
102399,5.530949551690613,0.02585794949904084,1.5683570825870847e-05
102449,5.533650210651399,0.022084305584430693,1.5663526223525413e-05
102499,5.5363508696121855,0.03528715392574668,1.5643494601324753e-05
102549,5.539051528572972,0.0298821665905416,1.562347598123601e-05
102599,5.541752187533758,0.02840617163106799,1.5603470385212036e-05
102649,5.544452846494544,0.027457437450066208,1.5583477835191438e-05
102699,5.547153505455331,0.025319916661828756,1.556349835309848e-05
102749,5.549854164416118,0.022756186975166202,1.5543531960843133e-05
102799,5.552554823376904,0.02481648257933557,1.5523578680320995e-05
102849,5.5552554823376905,0.02569408546201885,1.5503638533413255e-05
102899,5.557956141298477,0.022371704457327724,1.5483711541986763e-05
102949,5.560656800259263,0.028872389877215028,1.546379772789389e-05
102999,5.563357459220049,0.022217686092481016,1.544389711297257e-05
103049,5.566058118180836,0.02478393306955695,1.5424009719046297e-05
103099,5.568758777141623,0.03151980139315128,1.540413556792401e-05
103149,5.571459436102409,0.023931287713348865,1.5384274681400147e-05
103199,5.5741600950631955,0.028346637529321015,1.5364427081254622e-05
103249,5.576860754023982,0.02550376260653138,1.5344592789252764e-05
103299,5.579561412984768,0.025316684283316137,1.5324771827145295e-05
103349,5.5822620719455545,0.024510465441271664,1.530496421666834e-05
103399,5.584962730906341,0.02663658656179905,1.5285169979543363e-05
103449,5.587663389867128,0.026110068559646607,1.5265389137477165e-05
103499,5.590364048827914,0.02248448893427849,1.5245621712161893e-05
103549,5.593064707788701,0.02607130356132984,1.5225867725274928e-05
103599,5.595765366749487,0.024141638381406663,1.5206127198478948e-05
103649,5.598466025710273,0.027414648812264204,1.5186400153421859e-05
103699,5.6011666846710595,0.02652814351953566,1.5166686611736786e-05
103749,5.603867343631846,0.024966783989220857,1.5146986595042034e-05
103799,5.606568002592633,0.024631492476910353,1.5127300124941107e-05
103849,5.609268661553419,0.026686895694583653,1.510762722302262e-05
103899,5.611969320514206,0.025853110533207654,1.5087967910860324e-05
103949,5.614669979474992,0.024272221066057684,1.5068322210013064e-05
103999,5.617370638435778,0.026595970401540398,1.5048690142024763e-05
104049,5.6200712973965645,0.022701116036623715,1.5029071728424383e-05
104099,5.622771956357351,0.026072657965123654,1.5009466990725928e-05
104149,5.625472615318138,0.026200703489594163,1.4989875950428406e-05
104199,5.628173274278924,0.026197131257504225,1.497029862901578e-05
104249,5.630873933239711,0.02272189703769982,1.4950735047956974e-05
104299,5.633574592200497,0.027050749799236655,1.4931185228705875e-05
104349,5.636275251161283,0.02527255838736892,1.4911649192701246e-05
104399,5.63897591012207,0.025283894184976816,1.4892126961366747e-05
104449,5.641676569082856,0.02560362613759935,1.4872618556110906e-05
104499,5.644377228043643,0.02340275252237916,1.4853123998327068e-05
104549,5.647077887004429,0.023666867781430484,1.4833643309393408e-05
104599,5.649778545965216,0.02435709586367011,1.48141765106729e-05
104649,5.652479204926002,0.027571861818432807,1.479472362351327e-05
104699,5.655179863886788,0.02364741211757064,1.4775284669246991e-05
104749,5.657880522847575,0.022529554609209298,1.4755859669191268e-05
104799,5.660581181808361,0.02273752831853926,1.4736448644647985e-05
104849,5.663281840769148,0.02408729716204107,1.471705161690371e-05
104899,5.665982499729934,0.022461583726108073,1.4697668607229672e-05
104949,5.668683158690721,0.028726657573133706,1.4678299636881715e-05
104999,5.671383817651507,0.02233113244175911,1.465894472710029e-05
105049,5.674084476612293,0.025360845029354095,1.4639603899110426e-05
105099,5.67678513557308,0.026642469009384512,1.462027717412171e-05
105149,5.679485794533866,0.022768163559958338,1.4600964573328263e-05
105199,5.682186453494653,0.02622413237579167,1.4581666117908733e-05
105249,5.684887112455439,0.02193625720217824,1.4562381829026239e-05
105299,5.687587771416226,0.024150177650153638,1.4543111727828354e-05
105349,5.690288430377012,0.023163652019575237,1.452385583544712e-05
105399,5.692989089337798,0.023686332153156398,1.4504614172998985e-05
105449,5.695689748298585,0.02676452656276524,1.4485386761584774e-05
105499,5.698390407259371,0.02583702594973147,1.4466173622289731e-05
105549,5.701091066220158,0.028722044760361314,1.4446974776183398e-05
105599,5.7037917251809445,0.0301901332475245,1.4427790244319656e-05
105649,5.706492384141731,0.029632837288081647,1.4408620047736715e-05
105699,5.709193043102517,0.026623547589406372,1.4389464207457042e-05
105749,5.711893702063303,0.026346014915034174,1.4370322744487361e-05
105799,5.71459436102409,0.025072891898453235,1.435119567981863e-05
105849,5.717295019984876,0.02310608122497797,1.4332083034426031e-05
105899,5.719995678945662,0.026813992671668528,1.4312984829268906e-05
105949,5.7226963379064495,0.021470285877585413,1.4293901085290795e-05
105999,5.725396996867236,0.02597091894596815,1.427483182341936e-05
106049,5.728097655828022,0.023370014149695636,1.4255777064566378e-05
106099,5.730798314788808,0.02468656483106315,1.4236736829627734e-05
106149,5.733498973749595,0.02259888993576169,1.421771113948338e-05
106199,5.736199632710381,0.026428040619939565,1.4198700014997306e-05
106249,5.738900291671167,0.024635443268343805,1.4179703477017562e-05
106299,5.7416009506319545,0.023827523412182926,1.4160721546376169e-05
106349,5.744301609592741,0.02546164708212018,1.4141754243889144e-05
106399,5.747002268553527,0.01877227459102869,1.4122801590356461e-05
106449,5.7497029275143134,0.027709855744615198,1.4103863606562017e-05
106499,5.7524035864751,0.025053365472704172,1.4084940313273642e-05
106549,5.755104245435886,0.026281161000952125,1.4066031731243057e-05
106599,5.757804904396672,0.023565025171265006,1.4047137881205835e-05
106649,5.76050556335746,0.026037288531661033,1.4028258783881379e-05
106699,5.763206222318246,0.023528960715048015,1.4009394459972963e-05
106749,5.765906881279032,0.022648255275562405,1.3990544930167615e-05
106799,5.7686075402398185,0.022415545154362917,1.3971710215136153e-05
106849,5.771308199200605,0.023461503088474275,1.395289033553317e-05
106899,5.774008858161391,0.026092235799878835,1.3934085311996953e-05
106949,5.776709517122177,0.022586716823279857,1.3915295165149514e-05
106999,5.779410176082965,0.024138532020151614,1.3896519915596568e-05
107049,5.782110835043751,0.026535428017377852,1.3877759583927472e-05
107099,5.784811494004537,0.021467281677760183,1.3859014190715228e-05
107149,5.7875121529653235,0.026576684433966876,1.3840283756516462e-05
107199,5.79021281192611,0.021823233170434834,1.3821568301871384e-05
107249,5.792913470886896,0.024197963289916514,1.3802867847303785e-05
107299,5.795614129847682,0.024081275267526507,1.3784182413321018e-05
107349,5.79831478880847,0.023544095549732448,1.3765512020413945e-05
107399,5.801015447769256,0.023596300687640907,1.3746856689056942e-05
107449,5.803716106730042,0.022696121791377664,1.3728216439707863e-05
107499,5.8064167656908285,0.025381874684244396,1.3709591292808035e-05
107549,5.809117424651615,0.025861902488395573,1.3690981268782199e-05
107599,5.811818083612401,0.023584120674058795,1.367238638803855e-05
107649,5.8145187425731875,0.027373194238170983,1.3653806670968641e-05
107699,5.817219401533975,0.025270452462136744,1.3635242137947418e-05
107749,5.819920060494761,0.025541223036125302,1.3616692809333158e-05
107799,5.822620719455547,0.02419275986030698,1.3598158705467482e-05
107849,5.825321378416334,0.025004636263474822,1.3579639846675296e-05
107899,5.82802203737712,0.027845504749566315,1.3561136253264814e-05
107949,5.830722696337906,0.02136045590043068,1.3542647945527499e-05
107999,5.8334233552986925,0.023519494142383336,1.3524174943738018e-05
108049,5.83612401425948,0.023651085160672665,1.350571726815431e-05
108099,5.838824673220266,0.02361727594397962,1.3487274939017475e-05
108149,5.841525332181052,0.02094778246246278,1.3468847976551768e-05
108199,5.844225991141839,0.022520347218960523,1.345043640096465e-05
108249,5.846926650102625,0.02506084303371608,1.3432040232446641e-05
108299,5.849627309063411,0.02461311751976609,1.3413659491171395e-05
108349,5.8523279680241975,0.02506072208750993,1.3395294197295666e-05
108399,5.855028626984985,0.02219088600948453,1.3376944370959244e-05
108449,5.857729285945771,0.02557186545804143,1.3358610032284957e-05
108499,5.860429944906557,0.023534933179616926,1.3340291201378663e-05
108549,5.863130603867344,0.03183787997812033,1.3321987898329203e-05
108599,5.86583126282813,0.022724575642496348,1.3303700143208383e-05
108649,5.868531921788916,0.024071692712604998,1.3285427956070987e-05
108699,5.871232580749703,0.02344185883179307,1.32671713569547e-05
108749,5.87393323971049,0.022893328862264754,1.3248930365880125e-05
108799,5.876633898671276,0.021121363062411545,1.323070500285074e-05
108849,5.879334557632062,0.022620844496414064,1.321249528785289e-05
108899,5.882035216592849,0.0221661370806396,1.3194301240855756e-05
108949,5.884735875553635,0.02256987336091697,1.3176122881811359e-05
108999,5.887436534514421,0.02446501065976918,1.3157960230654482e-05
109049,5.890137193475208,0.02298050535842776,1.3139813307302706e-05
109099,5.892837852435995,0.023482787581160666,1.3121682131656355e-05
109149,5.895538511396781,0.023807601016014816,1.310356672359849e-05
109199,5.898239170357567,0.024815399572253226,1.3085467102994865e-05
109249,5.900939829318354,0.02505040337331593,1.3067383289693946e-05
109299,5.90364048827914,0.02129838854074478,1.3049315303526852e-05
109349,5.906341147239926,0.026915812585502862,1.303126316430734e-05
109399,5.909041806200713,0.02379196242429316,1.3013226891831792e-05
109449,5.9117424651615,0.02486384680494666,1.2995206505879198e-05
109499,5.914443124122286,0.023339209938421847,1.297720202621111e-05
109549,5.917143783083072,0.025342953894287347,1.2959213472571663e-05
109599,5.919844442043859,0.02606143269687891,1.294124086468751e-05
109649,5.922545101004645,0.023706511072814466,1.2923284222267801e-05
109699,5.925245759965431,0.021989669129252435,1.2905343565004211e-05
109749,5.927946418926218,0.023589874263852836,1.288741891257087e-05
109799,5.930647077887005,0.024247259125113486,1.2869510284624348e-05
109849,5.933347736847791,0.021189623037353156,1.2851617700803672e-05
109899,5.9360483958085775,0.021606599120423196,1.2833741180730233e-05
109949,5.938749054769364,0.025819731578230858,1.2815880744007827e-05
109999,5.94144971373015,0.027560136932879686,1.2798036410222627e-05
110049,5.944150372690936,0.022058070842176675,1.2780208198943128e-05
110099,5.946851031651723,0.026577353328466415,1.2762396129720144e-05
110149,5.94955169061251,0.0237116723600775,1.27446002220868e-05
110199,5.952252349573296,0.030649537490680813,1.2726820495558484e-05
110249,5.9549530085340825,0.024089133590459822,1.2709056969632843e-05
110299,5.957653667494869,0.021208162885159254,1.2691309663789778e-05
110349,5.960354326455655,0.028004756858572365,1.2673578597491371e-05
110399,5.963054985416441,0.022545046098530294,1.2655863790181916e-05
110449,5.965755644377228,0.021386460047215224,1.2638165261287868e-05
110499,5.968456303338015,0.023785705799236893,1.2620483030217838e-05
110549,5.971156962298801,0.023353369031101464,1.2602817116362556e-05
110599,5.9738576212595875,0.022873593978583812,1.258516753909486e-05
110649,5.976558280220374,0.02216370139271021,1.2567534317769683e-05
110699,5.97925893918116,0.02667753294110298,1.254991747172402e-05
110749,5.981959598141946,0.023611544035375118,1.2532317020276885e-05
110799,5.984660257102733,0.024622644921764733,1.2514732982729341e-05
110849,5.987360916063519,0.019374269340187312,1.2497165378364443e-05
110899,5.990061575024306,0.021562821101397275,1.2479614226447213e-05
110949,5.992762233985093,0.021618909910321237,1.2462079546224663e-05
110999,5.995462892945879,0.023542909836396574,1.2444561356925697e-05
111049,5.998163551906665,0.021823884723708033,1.2427059677761161e-05
111099,6.0008642108674515,0.023227914702147245,1.24095745279238e-05
111149,6.003564869828238,0.01967704439535737,1.2392105926588225e-05
111199,6.006265528789024,0.029668476283550262,1.2374653892910896e-05
111249,6.008966187749811,0.023749051466584205,1.2357218446030106e-05
111299,6.011666846710598,0.021243075812235473,1.2339799605065962e-05
111349,6.014367505671384,0.02363793145865202,1.232239738912035e-05
111399,6.01706816463217,0.022436031624674797,1.230501181727695e-05
111449,6.0197688235929565,0.023099576709792017,1.2287642908601167e-05
111499,6.022469482553743,0.023833699617534877,1.2270290682140136e-05
111549,6.025170141514529,0.019777754209935664,1.2252955156922704e-05
111599,6.027870800475316,0.023589998856186865,1.2235636351959397e-05
111649,6.030571459436103,0.021371341347694396,1.22183342862424e-05
111699,6.033272118396889,0.022182442750781774,1.220104897874557e-05
111749,6.035972777357675,0.018934560650959612,1.218378044842435e-05
111799,6.0386734363184615,0.024816712448373437,1.2166528714215807e-05
111849,6.041374095279248,0.022160462522879242,1.2149293795038582e-05
111899,6.044074754240034,0.02425100451335311,1.213207570979288e-05
111949,6.046775413200821,0.02913507865741849,1.2114874477360427e-05
111999,6.049476072161608,0.021827805396169422,1.2097690116604504e-05
112049,6.052176731122394,0.021319447830319405,1.2080522646369869e-05
112099,6.05487739008318,0.02348410359583795,1.2063372085482733e-05
112149,6.057578049043967,0.024455950791016222,1.2046238452750817e-05
112199,6.060278708004753,0.021919962670654058,1.2029121766963237e-05
112249,6.062979366965539,0.025011475533246993,1.2012022046890534e-05
112299,6.065680025926326,0.0269706595223397,1.1994939311284665e-05
112349,6.068380684887113,0.021699636932462452,1.1977873578878927e-05
112399,6.071081343847899,0.02234874466434121,1.1960824868387986e-05
112449,6.073782002808685,0.019804537910968065,1.1943793198507858e-05
112499,6.076482661769472,0.019903266308829187,1.192677858791585e-05
112549,6.079183320730258,0.02418349520303309,1.1909781055270569e-05
112599,6.081883979691044,0.02312221867963672,1.1892800619211893e-05
112649,6.084584638651831,0.023435728321783245,1.1875837298360954e-05
112699,6.087285297612618,0.025963725121691823,1.1858891111320104e-05
112749,6.089985956573404,0.02204780014231801,1.1841962076672928e-05
112799,6.09268661553419,0.02188668604940176,1.1825050212984184e-05
112849,6.095387274494977,0.01884049200452864,1.1808155538799804e-05
112899,6.098087933455763,0.02171802531927824,1.179127807264687e-05
112949,6.100788592416549,0.024138164138421417,1.177441783303359e-05
112999,6.1034892513773364,0.02042303027585149,1.1757574838449278e-05
113049,6.106189910338123,0.021570080667734148,1.1740749107364358e-05
113099,6.108890569298909,0.022423971258103848,1.1723940658230299e-05
113149,6.111591228259695,0.02119383024983108,1.1707149509479627e-05
113199,6.114291887220482,0.024679649015888573,1.1690375679525898e-05
113249,6.116992546181268,0.023020087899640204,1.1673619186763667e-05
113299,6.119693205142054,0.027866001045331358,1.165688004956848e-05
113349,6.1223938641028415,0.023163157384842634,1.1640158286296868e-05
113399,6.125094523063628,0.02267931118607521,1.1623453915286292e-05
113449,6.127795182024414,0.02328942029736936,1.1606766954855124e-05
113499,6.1304958409852,0.020611316775903107,1.1590097423302684e-05
113549,6.133196499945987,0.02032730184495449,1.1573445338909146e-05
113599,6.135897158906773,0.024127939091995357,1.155681071993556e-05
113649,6.138597817867559,0.023470124173909427,1.1540193584623844e-05
113699,6.1412984768283465,0.020482340953312816,1.1523593951196702e-05
113749,6.143999135789133,0.02238552081864327,1.150701183785767e-05
113799,6.146699794749919,0.022222746070474385,1.149044726279108e-05
113849,6.149400453710705,0.02565323025919497,1.1473900244162016e-05
113899,6.152101112671492,0.01862252288032323,1.145737080011631e-05
113949,6.154801771632278,0.021150608146563173,1.1440858948780525e-05
113999,6.157502430593064,0.020393795259296896,1.142436470826193e-05
114049,6.1602030895538515,0.022161643607541918,1.1407888096648475e-05
114099,6.162903748514638,0.021187926065176724,1.1391429132008799e-05
114149,6.165604407475424,0.023832511296495794,1.137498783239217e-05
114199,6.1683050664362105,0.02786716208793223,1.1358564215828486e-05
114249,6.171005725396997,0.027519550137221814,1.1342158300328255e-05
114299,6.173706384357783,0.019613646864891053,1.132577010388258e-05
114349,6.176407043318569,0.020321278143674137,1.1309399644463117e-05
114399,6.179107702279357,0.018855192735791206,1.1293046940022095e-05
114449,6.181808361240143,0.021191257340833543,1.1276712008492255e-05
114499,6.184509020200929,0.02499234952032566,1.1260394867786852e-05
114549,6.1872096791617155,0.022051414721645415,1.1244095535799631e-05
114599,6.189910338122502,0.021642118841409683,1.122781403040481e-05
114649,6.192610997083288,0.01840066791512072,1.1211550369457045e-05
114699,6.195311656044074,0.01924773780629039,1.1195304570791451e-05
114749,6.198012315004862,0.020819642869755624,1.1179076652223534e-05
114799,6.200712973965648,0.023372343741357327,1.1162866631549182e-05
114849,6.203413632926434,0.020071407277137042,1.114667452654469e-05
114899,6.2061142918872205,0.019700743947178124,1.1130500354966674e-05
114949,6.208814950848007,0.020596421575173735,1.1114344134552095e-05
114999,6.211515609808793,0.02076169556006789,1.1098205883018244e-05
115049,6.214216268769579,0.021279129944741727,1.1082085618062682e-05
115099,6.216916927730367,0.02051283173263073,1.1065983357363247e-05
115149,6.219617586691153,0.021375722056254744,1.1049899118578058e-05
115199,6.222318245651939,0.022678905241191386,1.1033832919345451e-05
115249,6.225018904612726,0.01984795570373535,1.1017784777283981e-05
115299,6.227719563573512,0.02076613306067884,1.1001754709992404e-05
115349,6.230420222534298,0.020131049724295736,1.0985742735049654e-05
115399,6.2331208814950845,0.020872052805498243,1.0969748870014817e-05
115449,6.235821540455872,0.022883054995909334,1.0953773132427141e-05
115499,6.238522199416658,0.016810137866996228,1.093781553980598e-05
115549,6.241222858377444,0.020157810878008605,1.092187610965078e-05
115599,6.243923517338231,0.01788517851382494,1.090595485944109e-05
115649,6.246624176299017,0.01801476737484336,1.0890051806636508e-05
115699,6.249324835259803,0.02125858884304762,1.0874166968676677e-05
115749,6.2520254942205895,0.02007805086672306,1.0858300362981281e-05
115799,6.254726153181376,0.020722724676597862,1.0842452006949994e-05
115849,6.257426812142163,0.020882269707508384,1.0826621917962478e-05
115899,6.260127471102949,0.022200163351371885,1.0810810113378373e-05
115949,6.262828130063736,0.01963238252326846,1.079501661053725e-05
115999,6.265528789024522,0.02240227397531271,1.0779241426758628e-05
116049,6.268229447985308,0.020137977423146367,1.0763484579341937e-05
116099,6.2709301069460945,0.022871359512209893,1.0747746085566487e-05
116149,6.273630765906881,0.01864004631061107,1.0732025962691457e-05
116199,6.276331424867668,0.0207880864944309,1.0716324227955904e-05
116249,6.279032083828454,0.019283716860227288,1.0700640898578698e-05
116299,6.281732742789241,0.021086528347805143,1.0684975991758525e-05
116349,6.284433401750027,0.026269468534737824,1.0669329524673899e-05
116399,6.287134060710813,0.021275635790079832,1.0653701514483067e-05
116449,6.2898347196716,0.019335447726771236,1.0638091978324061e-05
116499,6.292535378632386,0.02177867856808007,1.0622500933314661e-05
116549,6.295236037593173,0.01916642691940069,1.0606928396552357e-05
116599,6.297936696553959,0.024587614443153143,1.0591374385114341e-05
116649,6.300637355514746,0.020733362482860684,1.0575838916057498e-05
116699,6.303338014475532,0.018863874985836446,1.0560322006418368e-05
116749,6.306038673436318,0.01997103144414723,1.0544823673213152e-05
116799,6.308739332397105,0.01982551203109324,1.0529343933437664e-05
116849,6.311439991357891,0.019287440348416566,1.0513882804067347e-05
116899,6.314140650318678,0.01981243135407567,1.0498440302057221e-05
116949,6.316841309279464,0.021912205684930085,1.0483016444341886e-05
116999,6.319541968240251,0.020686908774077892,1.0467611247835486e-05
117049,6.322242627201037,0.02104559765662998,1.045222472943171e-05
117099,6.324943286161823,0.018040004624053835,1.0436856906003758e-05
117149,6.32764394512261,0.018820884190499782,1.0421507794404343e-05
117199,6.330344604083396,0.02089289637748152,1.0406177411465654e-05
117249,6.333045263044183,0.020240054382011295,1.0390865773999307e-05
117299,6.335745922004969,0.019946582918055355,1.0375572898796416e-05
117349,6.338446580965756,0.017306373389437794,1.0360298802627483e-05
117399,6.341147239926542,0.021244425065815448,1.0345043502242422e-05
117449,6.343847898887328,0.02119825121946633,1.0329807014370563e-05
117499,6.346548557848115,0.020868316134437917,1.0314589355720557e-05
117549,6.349249216808901,0.018821122804656625,1.0299390542980441e-05
117599,6.351949875769688,0.019390535578131675,1.0284210592817582e-05
117649,6.3546505347304745,0.020160431852564217,1.0269049521878658e-05
117699,6.357351193691261,0.018749654553830625,1.0253907346789632e-05
117749,6.360051852652047,0.02403987572528422,1.0238784084155765e-05
117799,6.362752511612833,0.021691659903153776,1.0223679750561562e-05
117849,6.36545317057362,0.018932521622627974,1.0208594362570779e-05
117899,6.368153829534406,0.02107569114305079,1.0193527936726393e-05
117949,6.370854488495193,0.021630292376503348,1.0178480489550596e-05
117999,6.3735551474559795,0.018716777646914123,1.0163452037544746e-05
118049,6.376255806416766,0.02015232911333442,1.014844259718939e-05
118099,6.378956465377552,0.02240456118248403,1.0133452184944219e-05
118149,6.381657124338338,0.022437464036047457,1.011848081724805e-05
118199,6.384357783299125,0.016197965759783984,1.0103528510518837e-05
118249,6.387058442259911,0.019698237515985966,1.0088595281153612e-05
118299,6.389759101220698,0.017805032562464476,1.0073681145528491e-05
118349,6.3924597601814845,0.02004141571931541,1.0058786119998654e-05
118399,6.395160419142271,0.020132702914997934,1.0043910220898318e-05
118449,6.397861078103057,0.01946096271276474,1.002905346454073e-05
118499,6.4005617370638435,0.019513718560338022,1.0014215867218155e-05
118549,6.40326239602463,0.023653800962492824,9.99939744520183e-06
118599,6.405963054985416,0.020648595206439496,9.984598214741975e-06
118649,6.408663713946203,0.017711149351671337,9.969818192067756e-06
118699,6.41136437290699,0.017431717282161117,9.955057393387284e-06
118749,6.414065031867776,0.02102826686576009,9.940315834887582e-06
118799,6.416765690828562,0.028032815279439093,9.925593532734577e-06
118849,6.4194663497893485,0.020418376326560975,9.910890503073089e-06
118899,6.422167008750135,0.017026981441304087,9.896206762026769e-06
118949,6.424867667710921,0.028007404124364258,9.88154232569816e-06
118999,6.427568326671708,0.019724998753517867,9.866897210168607e-06
119049,6.430268985632495,0.02085327052511275,9.85227143149827e-06
119099,6.432969644593281,0.01940344899892807,9.837665005726127e-06
119149,6.435670303554067,0.01943149209022522,9.823077948869899e-06
119199,6.4383709625148535,0.01950916721485555,9.808510276926075e-06
119249,6.44107162147564,0.02130044898018241,9.793962005869914e-06
119299,6.443772280436426,0.023519415939226747,9.779433151655364e-06
119349,6.446472939397213,0.018576034419238566,9.764923730215103e-06
119399,6.449173598358,0.016913442574441433,9.750433757460486e-06
119449,6.451874257318786,0.02045900210738182,9.735963249281549e-06
119499,6.454574916279572,0.020685512227937578,9.721512221546966e-06
119549,6.457275575240359,0.021443680650554596,9.707080690104079e-06
119599,6.459976234201145,0.017854073476046325,9.692668670778824e-06
119649,6.462676893161931,0.019921096260659396,9.678276179375743e-06
119699,6.465377552122718,0.019401787724345924,9.663903231677974e-06
119749,6.468078211083505,0.019673441275954245,9.649549843447212e-06
119799,6.470778870044291,0.020497759166173638,9.635216030423705e-06
119849,6.473479529005077,0.019037761860527098,9.620901808326244e-06
119899,6.476180187965864,0.020745064904913305,9.606607192852126e-06
119949,6.47888084692665,0.019749441440217196,9.592332199677145e-06
119999,6.481581505887436,0.020316081335768104,9.578076844455585e-06
120049,6.484282164848223,0.019302547313272952,9.563841142820192e-06
120099,6.48698282380901,0.0179863544087857,9.549625110382151e-06
120149,6.489683482769796,0.02296273206360638,9.535428762731097e-06
120199,6.492384141730582,0.016698135351762174,9.521252115435061e-06
120249,6.495084800691369,0.016624948689714075,9.507095184040463e-06
120299,6.497785459652155,0.027311513936147093,9.492957984072132e-06
120349,6.500486118612941,0.019322690861299632,9.478840531033231e-06
120399,6.503186777573728,0.018273872453719378,9.464742840405275e-06
120449,6.505887436534515,0.019047964503988622,9.450664927648126e-06
120499,6.508588095495301,0.01885281033348292,9.436606808199927e-06
120549,6.511288754456087,0.018570507988333703,9.42256849747713e-06
120599,6.513989413416874,0.021409055786207318,9.408550010874471e-06
120649,6.51669007237766,0.02229512250982225,9.394551363764936e-06
120699,6.519390731338446,0.018283620523288847,9.380572571499758e-06
120749,6.522091390299233,0.020894505251199007,9.366613649408399e-06
120799,6.52479204926002,0.020222840569913386,9.352674612798525e-06
120849,6.527492708220806,0.02149941644631326,9.338755476955994e-06
120899,6.530193367181592,0.019480224456638096,9.324856257144857e-06
120949,6.532894026142379,0.019644604651257395,9.310976968607307e-06
120999,6.535594685103165,0.018386932532303037,9.297117626563687e-06
121049,6.538295344063951,0.016347691817209124,9.28327824621246e-06
121099,6.540996003024738,0.016752054411917926,9.269458842730208e-06
121149,6.543696661985525,0.021458609076216818,9.255659431271595e-06
121199,6.546397320946311,0.019139967416413127,9.24188002696938e-06
121249,6.549097979907097,0.02030264101922512,9.22812064493436e-06
121299,6.551798638867884,0.01873093709349632,9.214381300255386e-06
121349,6.55449929782867,0.01955681120045483,9.200662007999336e-06
121399,6.557199956789456,0.017411307748407125,9.186962783211098e-06
121449,6.559900615750243,0.019744363920763133,9.173283640913538e-06
121499,6.56260127471103,0.018941424153745175,9.15962459610753e-06
121549,6.565301933671816,0.021814266219735146,9.14598566377189e-06
121599,6.568002592632602,0.018549083592370154,9.132366858863361e-06
121649,6.570703251593389,0.01701754298992455,9.118768196316654e-06
121699,6.573403910554175,0.019292362872511147,9.105189691044361e-06
121749,6.576104569514961,0.019667103784158826,9.09163135793697e-06
121799,6.578805228475748,0.02064236257225275,9.078093211862875e-06
121849,6.581505887436535,0.02829014940187335,9.0645752676683e-06
121899,6.584206546397321,0.018408678583800794,9.051077540177321e-06
121949,6.5869072053581075,0.01849376457743347,9.037600044191868e-06
121999,6.589607864318894,0.017616998795419933,9.02414279449166e-06
122049,6.59230852327968,0.020559778446331622,9.010705805834222e-06
122099,6.595009182240466,0.02358001655898988,8.99728909295486e-06
122149,6.597709841201253,0.019537706589326263,8.98389267056664e-06
122199,6.60041050016204,0.020453700935468076,8.970516553360384e-06
122249,6.603111159122826,0.018255350822582842,8.957160756004648e-06
122299,6.6058118180836125,0.01706149125471711,8.943825293145702e-06
122349,6.608512477044399,0.020332637596875428,8.930510179407512e-06
122399,6.611213136005185,0.019712579688057303,8.917215429391732e-06
122449,6.613913794965971,0.020150200487114488,8.903941057677692e-06
122499,6.616614453926758,0.021182240303605795,8.890687078822357e-06
122549,6.619315112887545,0.019124217238277195,8.877453507360353e-06
122599,6.622015771848331,0.018124125227332116,8.864240357803907e-06
122649,6.6247164308091175,0.020040287617594004,8.851047644642858e-06
122699,6.627417089769904,0.018387313988059758,8.837875382344635e-06
122749,6.63011774873069,0.017699579037725927,8.824723585354234e-06
122799,6.6328184076914765,0.01805682811886072,8.811592268094212e-06
122849,6.635519066652263,0.021845993446186186,8.79848144496468e-06
122899,6.63821972561305,0.017473416440188884,8.785391130343259e-06
122949,6.640920384573836,0.02049904700368643,8.772321338585076e-06
122999,6.643621043534623,0.01895947587210685,8.759272084022762e-06
123049,6.646321702495409,0.016678497679531574,8.746243380966431e-06
123099,6.649022361456195,0.022801512153819203,8.73323524370365e-06
123149,6.6517230204169815,0.018889468610286713,8.720247686499438e-06
123199,6.654423679377768,0.019133437694981693,8.707280723596243e-06
123249,6.657124338338555,0.021039795568212866,8.694334369213925e-06
123299,6.659824997299341,0.022536775819025932,8.681408637549748e-06
123349,6.662525656260128,0.01556400245986879,8.668503542778374e-06
123399,6.665226315220914,0.017751595387235284,8.655619099051814e-06
123449,6.6679269741817,0.016650394685566425,8.64275532049944e-06
123499,6.6706276331424865,0.018489919905550777,8.629912221227961e-06
123549,6.673328292103273,0.016020525288768114,8.617089815321417e-06
123599,6.67602895106406,0.017717891274951398,8.604288116841136e-06
123649,6.678729610024846,0.019174900939688086,8.591507139825761e-06
123699,6.681430268985633,0.023925870433449747,8.578746898291199e-06
123749,6.684130927946419,0.020923530501313507,8.566007406230615e-06
123799,6.686831586907205,0.024985797321423888,8.553288677614427e-06
123849,6.6895322458679916,0.020302641885355115,8.54059072639028e-06
123899,6.692232904828778,0.016143872682005168,8.527913566483025e-06
123949,6.694933563789565,0.016182783832773565,8.515257211794741e-06
123999,6.697634222750351,0.01730237962678075,8.502621676204667e-06
124049,6.700334881711138,0.016084576519206167,8.490006973569203e-06
124099,6.703035540671924,0.017929986780509354,8.477413117721932e-06
124149,6.70573619963271,0.018113310281187296,8.464840122473554e-06
124199,6.708436858593497,0.017688658153638244,8.452288001611896e-06
124249,6.711137517554283,0.019170644376426935,8.43975676890192e-06
124299,6.71383817651507,0.018068453287705778,8.427246438085632e-06
124349,6.716538835475856,0.016236819457262755,8.414757022882153e-06
124399,6.719239494436643,0.02004158074967563,8.402288536987662e-06
124449,6.721940153397429,0.01837649378925562,8.38984099407538e-06
124499,6.724640812358215,0.020487655280157925,8.377414407795566e-06
124549,6.727341471319002,0.021122877430170776,8.365008791775491e-06
124599,6.730042130279788,0.019105040850117803,8.352624159619438e-06
124649,6.732742789240575,0.016560924146324395,8.34026052490867e-06
124699,6.735443448201361,0.020593872144818306,8.327917901201435e-06
124749,6.738144107162148,0.017791024893522262,8.315596302032928e-06
124799,6.740844766122934,0.01682909714989364,8.303295740915296e-06
124849,6.74354542508372,0.021567955780774355,8.291016231337611e-06
124899,6.746246084044507,0.019536200752481817,8.278757786765862e-06
124949,6.748946743005293,0.01585901482962072,8.266520420642932e-06
124999,6.75164740196608,0.01769394215196371,8.254304146388602e-06
125049,6.7543480609268665,0.01566166873089969,8.242108977399509e-06
125099,6.757048719887653,0.018571470663882792,8.229934927049153e-06
125149,6.759749378848439,0.018493262762203814,8.217782008687872e-06
125199,6.762450037809225,0.017245481316931547,8.205650235642828e-06
125249,6.765150696770012,0.019582734713330864,8.193539621217998e-06
125299,6.767851355730798,0.018958661584183575,8.181450178694161e-06
125349,6.770552014691585,0.018558513447642325,8.169381921328878e-06
125399,6.7732526736523715,0.017748425719328224,8.157334862356453e-06
125449,6.775953332613158,0.017106316788122057,8.145309014987978e-06
125499,6.778653991573944,0.017516217678785324,8.133304392411272e-06
125549,6.78135465053473,0.01980255976319313,8.121321007790862e-06
125599,6.784055309495517,0.020102325519546868,8.109358874268015e-06
125649,6.786755968456303,0.018553962553851305,8.097418004960666e-06
125699,6.789456627417089,0.018726690895855425,8.085498412963438e-06
125749,6.7921572863778765,0.01905282657593489,8.07360011134764e-06
125799,6.794857945338663,0.020229103649035095,8.061723113161207e-06
125849,6.797558604299449,0.018120531775057316,8.04986743142873e-06
125899,6.800259263260235,0.016302316943183542,8.038033079151412e-06
125949,6.802959922221022,0.017942332932725548,8.026220069307078e-06
125999,6.805660581181808,0.016752699678763746,8.01442841485013e-06
126049,6.808361240142594,0.01849558320827782,8.00265812871158e-06
126099,6.811061899103382,0.020382891902700068,7.990909223798976e-06
126149,6.813762558064168,0.017072751615196467,7.979181712996439e-06
126199,6.816463217024954,0.015535577135160565,7.967475609164621e-06
126249,6.8191638759857405,0.018768159812316297,7.955790925140702e-06
126299,6.821864534946527,0.01714496220462024,7.944127673738363e-06
126349,6.824565193907313,0.016707843388430774,7.9324858677478e-06
126399,6.827265852868099,0.018666538167744873,7.920865519935674e-06
126449,6.829966511828887,0.01784216650761664,7.909266643045124e-06
126499,6.832667170789673,0.017811255492269994,7.89768924979574e-06
126549,6.835367829750459,0.019831024315208196,7.886133352883554e-06
126599,6.8380684887112455,0.014066756702959538,7.874598964981017e-06
126649,6.840769147672032,0.017569432510063054,7.863086098737009e-06
126699,6.843469806632818,0.01690180896781385,7.851594766776802e-06
126749,6.846170465593604,0.021265108287334442,7.840124981702033e-06
126799,6.848871124554392,0.016002198150381446,7.828676756090744e-06
126849,6.851571783515178,0.019091594740748407,7.817250102497314e-06
126899,6.854272442475964,0.017990209441632033,7.805845033452464e-06
126949,6.8569731014367505,0.01894776809029281,7.794461561463265e-06
126999,6.859673760397537,0.016217175433412195,7.783099699013075e-06
127049,6.862374419358323,0.01842156387399882,7.771759458561568e-06
127099,6.8650750783191095,0.01928954180330038,7.760440852544718e-06
127149,6.867775737279897,0.01794910565018654,7.749143893374765e-06
127199,6.870476396240683,0.016388751566410065,7.7378685934402e-06
127249,6.873177055201469,0.01782824163325131,7.726614965105782e-06
127299,6.875877714162256,0.01718809484504163,7.715383020712489e-06
127349,6.878578373123042,0.017984939189627767,7.70417277257752e-06
127399,6.881279032083828,0.018893560906872154,7.692984232994297e-06
127449,6.8839796910446145,0.019717215104028584,7.68181741423242e-06
127499,6.886680350005402,0.01746894599404186,7.670672328537678e-06
127549,6.889381008966188,0.01818035520147532,7.659548988132019e-06
127599,6.892081667926974,0.020756849995814265,7.648447405213555e-06
127649,6.894782326887761,0.018595729544758795,7.637367591956523e-06
127699,6.897482985848547,0.016086466079577803,7.626309560511313e-06
127749,6.900183644809333,0.01575554093811661,7.6152733230043974e-06
127799,6.9028843037701195,0.020598825830966234,7.6042588915383735e-06
127849,6.905584962730907,0.019061872474849223,7.593266278191913e-06
127899,6.908285621691693,0.015739470212720333,7.58229549501976e-06
127949,6.910986280652479,0.017075982759706676,7.571346554052724e-06
127999,6.913686939613266,0.017561112130060792,7.5604194672976695e-06
128049,6.916387598574052,0.018701355061493813,7.549514246737478e-06
128099,6.919088257534838,0.016726307943463324,7.538630904331067e-06
128149,6.9217889164956246,0.015915785944089295,7.527769452013354e-06
128199,6.924489575456412,0.02075450509786606,7.51692990169525e-06
128249,6.927190234417198,0.01619012402370572,7.506112265263648e-06
128299,6.929890893377984,0.018979478450492023,7.495316554581428e-06
128349,6.932591552338771,0.017333639953285455,7.4845427814874e-06
128399,6.935292211299557,0.01656304803211242,7.47379095779632e-06
128449,6.937992870260343,0.019668440259993078,7.463061095298894e-06
128499,6.94069352922113,0.016729491744190455,7.452353205761725e-06
128549,6.943394188181917,0.017059860648587347,7.4416673009273255e-06
128599,6.946094847142703,0.01810898314230144,7.431003392514109e-06
128649,6.948795506103489,0.018563565528020264,7.420361492216351e-06
128699,6.951496165064276,0.018794485162943603,7.409741611704198e-06
128749,6.954196824025062,0.017355316455941648,7.399143762623656e-06
128799,6.956897482985848,0.017002191729843616,7.388567956596566e-06
128849,6.959598141946635,0.01937091747298837,7.378014205220595e-06
128899,6.962298800907422,0.017595155965536832,7.367482520069226e-06
128949,6.964999459868208,0.017533878879621625,7.35697291269174e-06
128999,6.967700118828994,0.019853266002610327,7.34648539461321e-06
129049,6.970400777789781,0.02270661199465394,7.3360199773344904e-06
129099,6.973101436750567,0.02809446717146784,7.3255766723321935e-06
129149,6.975802095711353,0.01752852847799659,7.315155491058683e-06
129199,6.97850275467214,0.014602694166824222,7.304756444942057e-06
129249,6.981203413632927,0.017824500808492304,7.294379545386151e-06
129299,6.983904072593713,0.019009606372565033,7.284024803770506e-06
129349,6.9866047315544995,0.0168413205165416,7.273692231450358e-06
129399,6.989305390515286,0.0165373013028875,7.263381839756652e-06
129449,6.992006049476072,0.016521829813718795,7.253093639995995e-06
129499,6.994706708436858,0.01619469908066094,7.242827643450646e-06
129549,6.997407367397645,0.016194595452398063,7.232583861378545e-06
129599,7.000108026358432,0.017274840916506946,7.222362305013247e-06
129649,7.002808685319218,0.017285642800852655,7.212162985563942e-06
129699,7.0055093442800045,0.016273572910577058,7.20198591421544e-06
129749,7.008210003240791,0.016409193528816104,7.191831102128141e-06
129799,7.010910662201577,0.017695165565237404,7.181698560438041e-06
129849,7.013611321162363,0.019438418820500375,7.171588300256717e-06
129899,7.01631198012315,0.01639346114359796,7.1615003326713125e-06
129949,7.019012639083937,0.01704909557942301,7.151434668744516e-06
129999,7.021713298044723,0.017251584902405737,7.141391319514565e-06
130049,7.0244139570055095,0.01671229719184339,7.13137029599522e-06
130099,7.027114615966296,0.019603010471910237,7.12137160917576e-06
130149,7.029815274927082,0.019002080680802464,7.11139527002098e-06
130199,7.032515933887868,0.018389276191592217,7.101441289471153e-06
130249,7.035216592848655,0.016163008771836757,7.0915096784420415e-06
130299,7.037917251809442,0.023569430788047612,7.081600447824871e-06
130349,7.040617910770228,0.01674607565626502,7.071713608486331e-06
130399,7.0433185697310146,0.019209486367180943,7.061849171268551e-06
130449,7.046019228691801,0.01571683958172798,7.052007146989098e-06
130499,7.048719887652587,0.01676336769014597,7.042187546440959e-06
130549,7.0514205466133735,0.01719907021149993,7.032390380392529e-06
130599,7.05412120557416,0.01769371626432985,7.022615659587599e-06
130649,7.056821864534946,0.015460430961102247,7.012863394745353e-06
130699,7.059522523495733,0.015794825898483397,7.0031335965603405e-06
130749,7.06222318245652,0.014072380345314741,6.993426275702482e-06
130799,7.064923841417306,0.016070524146780372,6.9837414428170504e-06
130849,7.067624500378092,0.01622113028075546,6.974079108524637e-06
130899,7.0703251593388785,0.016265182308852672,6.964439283421188e-06
130949,7.073025818299665,0.01869866343680769,6.954821978077952e-06
130999,7.075726477260451,0.015139319659210742,6.94522720304148e-06
131049,7.078427136221238,0.019526868546381592,6.935654968833627e-06
131099,7.081127795182025,0.01624139157589525,6.926105285951513e-06
131149,7.083828454142811,0.018155972021631897,6.9165781648675345e-06
131199,7.086529113103597,0.01855810735374689,6.907073616029357e-06
131249,7.0892297720643835,0.014740605130791664,6.897591649859878e-06
131299,7.09193043102517,0.01628380870446563,6.888132276757239e-06
131349,7.094631089985956,0.017693396927788853,6.878695507094798e-06
131399,7.097331748946743,0.023039180487394333,6.869281351221135e-06
131449,7.10003240790753,0.016974932719022034,6.859889819460019e-06
131499,7.102733066868316,0.013899435382336378,6.8505209221104245e-06
131549,7.105433725829102,0.01496081039775163,6.841174669446493e-06
131599,7.108134384789889,0.0180757918022573,6.831851071717537e-06
131649,7.110835043750675,0.014378285352140665,6.8225501391480234e-06
131699,7.113535702711461,0.01420224606525153,6.813271881937563e-06
131749,7.116236361672248,0.016564709804952144,6.804016310260902e-06
131799,7.118937020633035,0.019029257553629577,6.794783434267918e-06
131849,7.121637679593821,0.017756467685103416,6.785573264083585e-06
131899,7.124338338554607,0.022280051559209823,6.776385809807984e-06
131949,7.127038997515394,0.0178615676285699,6.767221081516287e-06
131999,7.12973965647618,0.017186488867737354,6.758079089258741e-06
132049,7.132440315436966,0.01837379625532776,6.748959843060656e-06
132099,7.135140974397753,0.015920579517260194,6.739863352922415e-06
132149,7.13784163335854,0.017047087247483432,6.730789628819434e-06
132199,7.140542292319326,0.015313399825245141,6.72173868070215e-06
132249,7.143242951280112,0.014301491235382855,6.712710518496049e-06
132299,7.145943610240899,0.01584907001350075,6.703705152101617e-06
132349,7.148644269201685,0.01662167756818235,6.694722591394334e-06
132399,7.151344928162471,0.01618500449694693,6.685762846224697e-06
132449,7.154045587123258,0.01857300671748817,6.676825926418149e-06
132499,7.156746246084045,0.017380640525370836,6.667911841775119e-06
132549,7.159446905044831,0.01592976364772767,6.659020602071002e-06
132599,7.162147564005617,0.018197186295874416,6.650152217056129e-06
132649,7.164848222966404,0.016577883828431367,6.64130669645577e-06
132699,7.16754888192719,0.016230523022823035,6.632484049970123e-06
132749,7.170249540887976,0.016694653718732296,6.623684287274304e-06
132799,7.1729501998487635,0.018498664842918514,6.614907418018326e-06
132849,7.17565085880955,0.014998547933064401,6.60615345182711e-06
132899,7.178351517770336,0.015952589041553437,6.597422398300451e-06
132949,7.181052176731122,0.0149927873397246,6.588714267013018e-06
132999,7.183752835691909,0.016508128317072986,6.580029067514346e-06
133049,7.186453494652695,0.014988070931285619,6.571366809328819e-06
133099,7.189154153613481,0.015151451230049134,6.562727501955665e-06
133149,7.1918548125742685,0.017527521760202943,6.554111154868946e-06
133199,7.194555471535055,0.01445317999459803,6.545517777517545e-06
133249,7.197256130495841,0.01595760806463659,6.536947379325151e-06
133299,7.199956789456627,0.014691059524193407,6.528399969690255e-06
133349,7.202657448417414,0.013439050395973026,6.519875557986142e-06
133399,7.2053581073782,0.015420644553378224,6.511374153560872e-06
133449,7.208058766338986,0.015934948232024907,6.502895765737281e-06
133499,7.2107594252997735,0.016185039430856706,6.494440403812964e-06
133549,7.21346008426056,0.01712253094650805,6.486008077060252e-06
133599,7.216160743221346,0.014892607545480132,6.477598794726231e-06
133649,7.2188614021821325,0.014898270117118955,6.469212566032711e-06
133699,7.221562061142919,0.014644029112532734,6.460849400176212e-06
133749,7.224262720103705,0.017420849334448575,6.452509306327987e-06
133799,7.226963379064491,0.019519149167463182,6.444192293633959e-06
133849,7.229664038025279,0.01449785713572055,6.435898371214751e-06
133899,7.232364696986065,0.019297261880710723,6.427627548165674e-06
133949,7.235065355946851,0.018766345754265785,6.419379833556694e-06
133999,7.2377660149076375,0.014791467664763332,6.411155236432442e-06
134049,7.240466673868424,0.016019011940807105,6.4029537658122015e-06
134099,7.24316733282921,0.015106700398027896,6.394775430689884e-06
134149,7.245867991789996,0.015378574738278986,6.3866202400340386e-06
134199,7.248568650750784,0.015234320620074869,6.378488202787834e-06
134249,7.25126930971157,0.014929233640432358,6.370379327869046e-06
134299,7.253969968672356,0.014555467329919337,6.3622936241700484e-06
134349,7.2566706276331425,0.015803155219182373,6.354231100557808e-06
134399,7.259371286593929,0.014768604091368615,6.346191765873871e-06
134449,7.262071945554715,0.015623586112633347,6.338175628934349e-06
134499,7.264772604515501,0.015616147322580218,6.330182698529928e-06
134549,7.267473263476289,0.01921152656432241,6.322212983425829e-06
134599,7.270173922437075,0.013728122226893902,6.314266492361824e-06
134649,7.272874581397861,0.01425274295732379,6.306343234052213e-06
134699,7.2755752403586476,0.015627177678979934,6.2984432171858205e-06
134749,7.278275899319434,0.01651285633444786,6.290566450425986e-06
134799,7.28097655828022,0.015528655252419412,6.282712942410548e-06
134849,7.2836772172410065,0.016315242936834694,6.274882701751848e-06
134899,7.286377876201794,0.015115462774410844,6.267075737036693e-06
134949,7.28907853516258,0.013849580497480928,6.2592920568263835e-06
134999,7.291779194123366,0.014092062897980213,6.251531669656678e-06
135049,7.294479853084153,0.016170374313369394,6.243794584037792e-06
135099,7.297180512044939,0.016593918767757714,6.236080808454395e-06
135149,7.299881171005725,0.017734770472161474,6.228390351365578e-06
135199,7.3025818299665115,0.01636675052344799,6.220723221204873e-06
135249,7.305282488927299,0.015774704031646252,6.213079426380231e-06
135299,7.307983147888085,0.014454815764911472,6.20545897527401e-06
135349,7.310683806848871,0.01597483206540346,6.197861876242969e-06
135399,7.313384465809658,0.01583192768972367,6.190288137618256e-06
135449,7.316085124770444,0.014952663672156632,6.182737767705406e-06
135499,7.31878578373123,0.01599049139302224,6.1752107747843255e-06
135549,7.3214864426920165,0.014553527310490609,6.1677071671092805e-06
135599,7.324187101652803,0.018315335605293512,6.160226952908905e-06
135649,7.32688776061359,0.020173620153218507,6.152770140386164e-06
135699,7.329588419574376,0.017323196586221456,6.145336737718375e-06
135749,7.332289078535163,0.017476845644414426,6.137926753057166e-06
135799,7.334989737495949,0.01607541718520224,6.130540194528498e-06
135849,7.337690396456735,0.014014207106083632,6.123177070232635e-06
135899,7.340391055417522,0.01624544070567936,6.115837388244154e-06
135949,7.343091714378308,0.015069418610073626,6.10852115661191e-06
135999,7.345792373339095,0.017615131731145085,6.1012283833590465e-06
136049,7.348493032299881,0.012792621729895473,6.093959076482986e-06
136099,7.351193691260668,0.014516893168911338,6.0867132439554154e-06
136149,7.353894350221454,0.01559620981104672,6.079490893722276e-06
136199,7.35659500918224,0.016368740992620586,6.0722920337037655e-06
136249,7.359295668143027,0.01635861420072615,6.065116671794312e-06
136299,7.361996327103813,0.015288595948368311,6.057964815862579e-06
136349,7.3646969860646,0.013920417437329888,6.050836473751454e-06
136399,7.367397645025386,0.01618078263476491,6.043731653278043e-06
136449,7.370098303986173,0.0134199392888695,6.0366503622336476e-06
136499,7.372798962946959,0.014699220275506377,6.029592608383772e-06
136549,7.375499621907745,0.012994862152263522,6.022558399468111e-06
136599,7.378200280868532,0.013164888499304653,6.0155477432005345e-06
136649,7.380900939829318,0.017026730417273938,6.008560647269089e-06
136699,7.383601598790105,0.018026207950897516,6.001597119335983e-06
136749,7.386302257750891,0.014566140151582658,5.994657167037572e-06
136799,7.389002916711678,0.015187305919826031,5.987740797984374e-06
136849,7.391703575672464,0.015241146637126803,5.980848019761031e-06
136899,7.39440423463325,0.014864621292799711,5.9739788399263134e-06
136949,7.397104893594037,0.021169920060783623,5.967133266013131e-06
136999,7.399805552554823,0.014805585453286767,5.960311305528488e-06
137049,7.40250621151561,0.014483754783868789,5.9535129659535e-06
137099,7.4052068704763965,0.01618946294300258,5.946738254743383e-06
137149,7.407907529437183,0.015136458170600236,5.939987179327438e-06
137199,7.410608188397969,0.015472636679187418,5.933259747109042e-06
137249,7.413308847358755,0.014280250738374889,5.926555965465657e-06
137299,7.416009506319542,0.01463557395618409,5.919875841748797e-06
137349,7.418710165280328,0.0156354727037251,5.913219383284038e-06
137399,7.421410824241115,0.01645978814456612,5.906586597371e-06
137449,7.4241114832019015,0.014237909065559506,5.899977491283351e-06
137499,7.426812142162688,0.0140556731633842,5.8933920722687816e-06
137549,7.429512801123474,0.017343874294310807,5.886830347549013e-06
137599,7.43221346008426,0.015586853534914553,5.880292324319786e-06
137649,7.434914119045047,0.01826542044058442,5.873778009750833e-06
137699,7.437614778005833,0.014825022141449153,5.867287410985909e-06
137749,7.44031543696662,0.01256810744293034,5.860820535142746e-06
137799,7.4430160959274065,0.016017004130408168,5.854377389313067e-06
137849,7.445716754888193,0.014448762689717114,5.847957980562576e-06
137899,7.448417413848979,0.016113389651291072,5.841562315930938e-06
137949,7.4511180728097655,0.01625164333730936,5.835190402431779e-06
137999,7.453818731770552,0.015612555788829923,5.8288422470526935e-06
138049,7.456519390731338,0.014560453440062703,5.822517856755203e-06
138099,7.459220049692125,0.014666923666372894,5.816217238474782e-06
138149,7.461920708652912,0.016292687291279435,5.809940399120832e-06
138199,7.464621367613698,0.01417573747690767,5.803687345576674e-06
138249,7.467322026574484,0.020379225881770255,5.797458084699544e-06
138299,7.4700226855352705,0.016830773642286658,5.791252623320597e-06
138349,7.472723344496057,0.015692689339630306,5.785070968244881e-06
138399,7.475424003456843,0.015402445821091532,5.778913126251339e-06
138449,7.47812466241763,0.014084353186190128,5.772779104092798e-06
138499,7.480825321378417,0.013450871845707297,5.766668908495966e-06
138549,7.483525980339203,0.018297588666900993,5.760582546161418e-06
138599,7.486226639299989,0.01690157925710082,5.7545200237636045e-06
138649,7.4889272982607755,0.015962198190391064,5.74848134795082e-06
138699,7.491627957221562,0.015289051812142134,5.742466525345213e-06
138749,7.494328616182348,0.015361321251839399,5.736475562542775e-06
138799,7.497029275143135,0.018820411511696875,5.730508466113328e-06
138849,7.499729934103922,0.01613214736804366,5.724565242600528e-06
138899,7.502430593064708,0.014244791772216558,5.718645898521848e-06
138949,7.505131252025494,0.01504590350203216,5.7127504403685775e-06
138999,7.5078319109862806,0.016947687715291978,5.706878874605801e-06
139049,7.510532569947067,0.015899154655635357,5.7010312076724175e-06
139099,7.513233228907853,0.01734415713697672,5.695207445981108e-06
139149,7.51593388786864,0.015510296048596502,5.689407595918339e-06
139199,7.518634546829427,0.015138126267120243,5.683631663844367e-06
139249,7.521335205790213,0.01690401354338974,5.677879656093198e-06
139299,7.524035864750999,0.014584473166614771,5.672151578972621e-06
139349,7.526736523711786,0.01700252290815115,5.666447438764169e-06
139399,7.529437182672572,0.015091147581115365,5.660767241723137e-06
139449,7.532137841633358,0.017013430478982627,5.655110994078553e-06
139499,7.534838500594145,0.01871134399436414,5.649478702033191e-06
139549,7.537539159554932,0.014938843757845462,5.643870371763546e-06
139599,7.540239818515718,0.016884404246229678,5.638286009419836e-06
139649,7.542940477476504,0.01637068602722138,5.632725621126007e-06
139699,7.545641136437291,0.015367415621876717,5.627189212979706e-06
139749,7.548341795398077,0.01643470040522516,5.621676791052278e-06
139799,7.551042454358863,0.013290550750680268,5.616188361388771e-06
139849,7.55374311331965,0.015948627716861664,5.6107239300079245e-06
139899,7.556443772280437,0.016776025742292405,5.605283502902151e-06
139949,7.559144431241223,0.016818012604489924,5.5998670860375555e-06
139999,7.561845090202009,0.015610384531319141,5.594474685353894e-06
140049,7.564545749162796,0.014270240906625986,5.589106306764601e-06
140099,7.567246408123582,0.01603911024518311,5.583761956156758e-06
140149,7.569947067084368,0.012664368441328407,5.578441639391103e-06
140199,7.5726477260451555,0.013229265375994146,5.573145362302012e-06
140249,7.575348385005942,0.01428210104815662,5.567873130697511e-06
140299,7.578049043966728,0.01426427649334073,5.56262495035924e-06
140349,7.580749702927514,0.024120201361365615,5.5574008270424745e-06
140399,7.583450361888301,0.015871662558056415,5.552200766476106e-06
140449,7.586151020849087,0.01686669743619859,5.547024774362641e-06
140499,7.588851679809873,0.01344212377909571,5.541872856378183e-06
140549,7.59155233877066,0.012695607291534542,5.536745018172452e-06
140599,7.594252997731447,0.016226760619319977,5.531641265368743e-06
140649,7.596953656692233,0.01681529251858592,5.526561603563948e-06
140699,7.599654315653019,0.014355481122620403,5.521506038328542e-06
140749,7.602354974613806,0.013862073216587304,5.516474575206569e-06
140799,7.605055633574592,0.01616314229089767,5.511467219715647e-06
140849,7.607756292535378,0.020405359570868312,5.506483977346957e-06
140899,7.610456951496165,0.015582286361604929,5.501524853565232e-06
140949,7.613157610456952,0.015463387863710522,5.496589853808759e-06
140999,7.615858269417738,0.015770627525635062,5.491678983489372e-06
141049,7.618558928378524,0.01664009626954794,5.4867922479924466e-06
141099,7.621259587339311,0.01716751472093165,5.481929652676879e-06
141149,7.623960246300097,0.017826732508838178,5.477091202875105e-06
141199,7.626660905260883,0.015629814635030926,5.47227690389308e-06
141249,7.62936156422167,0.013729912526905537,5.467486761010269e-06
141299,7.632062223182457,0.016352295698598026,5.4627207794796565e-06
141349,7.634762882143243,0.012965704086236656,5.457978964527722e-06
141399,7.6374635411040295,0.01743647048249841,5.453261321354447e-06
141449,7.640164200064816,0.014850752959027887,5.448567855133306e-06
141499,7.642864859025602,0.014384637107141315,5.443898571011261e-06
141549,7.645565517986388,0.014687994141131639,5.4392534741087516e-06
141599,7.648266176947175,0.014115000236779451,5.434632569519699e-06
141649,7.650966835907962,0.015441959640011192,5.430035862311495e-06
141699,7.653667494868748,0.015393398245796561,5.425463357524986e-06
141749,7.6563681538295345,0.010334660150110721,5.420915060174485e-06
141799,7.659068812790321,0.015089885173365474,5.41639097524776e-06
141849,7.661769471751107,0.01478436699602753,5.411891107706027e-06
141899,7.664470130711893,0.013777953544631601,5.40741546248394e-06
141949,7.66717078967268,0.014305495121516288,5.402964044489591e-06
141999,7.669871448633467,0.01646013820078224,5.398536858604507e-06
142049,7.672572107594253,0.013118899497203528,5.3941339096836376e-06
142099,7.6752727665550395,0.016603386141359807,5.389755202555364e-06
142149,7.677973425515826,0.01372173494193703,5.385400742021469e-06
142199,7.680674084476612,0.016060660569928588,5.381070532857154e-06
142249,7.6833747434373985,0.014180921367369592,5.376764579811024e-06
142299,7.686075402398185,0.014939547930844128,5.372482887605084e-06
142349,7.688776061358972,0.014926969558000564,5.368225460934732e-06
142399,7.691476720319758,0.015169805390760302,5.363992304468767e-06
142449,7.694177379280545,0.013503263010643423,5.359783422849357e-06
142499,7.696878038241331,0.017144287372939288,5.355598820692058e-06
142549,7.699578697202117,0.018110446576029064,5.351438502585799e-06
142599,7.7022793561629035,0.014970180978998542,5.347302473092881e-06
142649,7.70498001512369,0.015492012593895196,5.343190736748962e-06
142699,7.707680674084477,0.017518565133213995,5.339103298063074e-06
142749,7.710381333045263,0.014643587172031403,5.335040161517588e-06
142799,7.71308199200605,0.016511755986139177,5.331001331568234e-06
142849,7.715782650966836,0.014466206319630146,5.326986812644082e-06
142899,7.718483309927622,0.012947491621598601,5.322996609147544e-06
142949,7.7211839688884085,0.013191385800018907,5.31903072545437e-06
142999,7.723884627849195,0.01608881295658648,5.315089165913641e-06
143049,7.726585286809982,0.015332648330368102,5.311171934847754e-06
143099,7.729285945770768,0.016276124557480218,5.307279036552432e-06
143149,7.731986604731555,0.011649428000673652,5.30341047529672e-06
143199,7.734687263692341,0.012145684985443949,5.2995662553229696e-06
143249,7.737387922653127,0.015052616172470152,5.295746380846837e-06
143299,7.7400885816139136,0.01576355820521712,5.291950856057285e-06
143349,7.7427892405747,0.013215422932989895,5.28817968511657e-06
143399,7.745489899535487,0.014531294452026486,5.284432872160241e-06
143449,7.748190558496273,0.014247436532750726,5.2807104212971465e-06
143499,7.75089121745706,0.014668488288298248,5.277012336609403e-06
143549,7.753591876417846,0.015390592198818921,5.273338622152413e-06
143599,7.756292535378632,0.016687932475470006,5.26968928195486e-06
143649,7.758993194339419,0.015622680680826307,5.26606432001869e-06
143699,7.761693853300205,0.014679262316785752,5.2624637403191165e-06
143749,7.764394512260992,0.013794358363375068,5.258887546804621e-06
143799,7.767095171221778,0.015241183401085436,5.255335743396937e-06
143849,7.769795830182565,0.013975692824460565,5.251808333991049e-06
143899,7.772496489143351,0.015527409091591836,5.248305322455195e-06
143949,7.775197148104137,0.015215992592275143,5.2448267126308605e-06
143999,7.777897807064924,0.01475621889345348,5.241372508332763e-06
144049,7.78059846602571,0.014384734886698424,5.237942713348863e-06
144099,7.783299124986497,0.016482474505901335,5.234537331440355e-06
144149,7.785999783947283,0.016601865328848362,5.231156366341649e-06
144199,7.78870044290807,0.01760088921058923,5.227799821760396e-06
144249,7.791401101868856,0.013986852271482348,5.224467701377456e-06
144299,7.794101760829642,0.015273211030289531,5.221160008846904e-06
144349,7.796802419790429,0.014035925900097937,5.2178767477960366e-06
144399,7.799503078751215,0.018103754976764322,5.214617921825349e-06
144449,7.802203737712002,0.01420012907590717,5.211383534508541e-06
144499,7.8049043966727885,0.014839639221318066,5.2081735893925195e-06
144549,7.807605055633575,0.01719414653722197,5.204988089997381e-06
144599,7.810305714594361,0.015491503546945751,5.201827039816415e-06
144649,7.813006373555147,0.015422903699800372,5.198690442316101e-06
144699,7.815707032515934,0.015124554107896983,5.195578300936105e-06
144749,7.81840769147672,0.015927310632541776,5.192490619089267e-06
144799,7.821108350437507,0.014544306639581919,5.1894274001616115e-06
144849,7.8238090093982935,0.013863936220295726,5.186388647512338e-06
144899,7.82650966835908,0.01562428436242044,5.183374364473804e-06
144949,7.829210327319866,0.014544097748585045,5.180384554351543e-06
144999,7.831910986280652,0.013392275124788284,5.177419220424251e-06
145049,7.834611645241439,0.01550407184753567,5.174478365943776e-06
145099,7.837312304202225,0.013250064020976424,5.171561994135128e-06
145149,7.840012963163012,0.01573301323223859,5.1686701081964665e-06
145199,7.8427136221237985,0.013029015096835793,5.1658027112990974e-06
145249,7.845414281084585,0.01621019131038338,5.162959806587475e-06
145299,7.848114940045371,0.01194584643933922,5.160141397179195e-06
145349,7.850815599006157,0.015081462035886943,5.157347486164979e-06
145399,7.853516257966944,0.017333424463868142,5.154578076608704e-06
145449,7.85621691692773,0.014426797940395773,5.151833171547365e-06
145499,7.858917575888516,0.013578530885279178,5.14911277399108e-06
145549,7.8616182348493036,0.017167860148474573,5.1464168869231075e-06
145599,7.86431889381009,0.014490501880645752,5.143745513299811e-06
145649,7.867019552770876,0.015267519294284285,5.141098656050684e-06
145699,7.8697202117316625,0.015144127798266708,5.1384763180783275e-06
145749,7.872420870692449,0.015661145499907433,5.135878502258459e-06
145799,7.875121529653235,0.012142011281102896,5.133305211439897e-06
145849,7.877822188614021,0.015479531465098261,5.130756448444577e-06
145899,7.880522847574809,0.013279498196206987,5.128232216067524e-06
145949,7.883223506535595,0.015323165310546756,5.125732517076876e-06
145999,7.885924165496381,0.01406173239927739,5.123257354213851e-06
146049,7.8886248244571675,0.017485946221277117,5.1208067301927735e-06
146099,7.891325483417954,0.01308134634513408,5.118380647701051e-06
146149,7.89402614237874,0.015447696493938566,5.115979109399182e-06
146199,7.896726801339526,0.012675254689529538,5.113602117920746e-06
146249,7.899427460300314,0.016037050094455482,5.11124967587241e-06
146299,7.9021281192611,0.013744557052850723,5.108921785833909e-06
146349,7.904828778221886,0.013642940637655556,5.106618450358063e-06
146399,7.9075294371826725,0.015487298229709267,5.1043396719707624e-06
146449,7.910230096143459,0.013446848294697701,5.102085453170966e-06
146499,7.912930755104245,0.0129675300931558,5.0998557964307e-06
146549,7.9156314140650315,0.014933068794198335,5.097650704195058e-06
146599,7.918332073025819,0.016555869095027445,5.0954701788821965e-06
146649,7.921032731986605,0.014265539469197392,5.093314222883323e-06
146699,7.923733390947391,0.012176635200157762,5.09118283856271e-06
146749,7.926434049908178,0.014725591838359833,5.089076028257686e-06
146799,7.929134708868964,0.015084384633228183,5.086993794278619e-06
146849,7.93183536782975,0.015118082519620657,5.08493613890894e-06
146899,7.9345360267905365,0.01732675513718277,5.082903064405122e-06
146949,7.937236685751324,0.018879142249934377,5.080894572996672e-06
146999,7.93993734471211,0.014085705075412989,5.0789106668861525e-06
147049,7.942638003672896,0.01425626419018954,5.07695134824916e-06
147099,7.945338662633683,0.014596597920171917,5.075016619234328e-06
147149,7.948039321594469,0.014060675399377942,5.073106481963323e-06
147199,7.950739980555255,0.013743398059159518,5.071220938530844e-06
147249,7.9534406395160415,0.013771756426431239,5.069359991004621e-06
147299,7.956141298476829,0.01635842173360288,5.06752364142541e-06
147349,7.958841957437615,0.015407781368121504,5.065711891807e-06
147399,7.961542616398401,0.013447133814916015,5.0639247441361875e-06
147449,7.964243275359188,0.01481239964487031,5.062162200372803e-06
147499,7.966943934319974,0.014039713703095914,5.060424262449694e-06
147549,7.96964459328076,0.014691646806895733,5.058710932272717e-06
147599,7.9723452522415466,0.029622559412382544,5.057022211720757e-06
147649,7.975045911202334,0.012504959534853697,5.055358102645695e-06
147699,7.97774657016312,0.014875567345879971,5.053718606872433e-06
147749,7.980447229123906,0.014678160920739173,5.052103726198881e-06
147799,7.983147888084693,0.012090269653126597,5.050513462395952e-06
147849,7.985848547045479,0.011810838556848467,5.048947817207567e-06
147899,7.988549206006265,0.012959209843538702,5.047406792350648e-06
147949,7.991249864967052,0.014144845060072839,5.045890389515114e-06
147999,7.993950523927839,0.012594821485690773,5.04439861036389e-06
148049,7.996651182888625,0.013289887299761176,5.042931456532896e-06
148099,7.999351841849411,0.012859121384099125,5.041488929631041e-06
148149,8.002052500810198,0.011570009673014282,5.040071031240235e-06
148199,8.004753159770985,0.013737400257959963,5.038677762915381e-06
148249,8.00745381873177,0.013472988652065396,5.037309126184364e-06
148299,8.010154477692558,0.014332846216857433,5.0359651225480626e-06
148349,8.012855136653343,0.012394811166450382,5.034645753480342e-06
148399,8.01555579561413,0.01282921876758337,5.033351020428054e-06
148449,8.018256454574916,0.013623750349506736,5.032080924811033e-06
148499,8.020957113535703,0.01126794185489416,5.0308354680220894e-06
148549,8.02365777249649,0.014468302228488028,5.0296146514270215e-06
148599,8.026358431457275,0.013341490193270147,5.0284184763646076e-06
148649,8.029059090418063,0.014196422174572945,5.027246944146596e-06
148699,8.031759749378848,0.01810548477806151,5.026100056057718e-06
148749,8.034460408339635,0.013438184908591212,5.024977813355678e-06
148799,8.03716106730042,0.013222248069941997,5.023880217271147e-06
148849,8.039861726261208,0.017243857393041254,5.0228072690077804e-06
148899,8.042562385221995,0.0159347635647282,5.021758969742195e-06
148949,8.04526304418278,0.014360334142111242,5.020735320623976e-06
148999,8.047963703143568,0.01541127855423838,5.019736322775686e-06
149049,8.050664362104353,0.014290132126770914,5.018761977292849e-06
149099,8.05336502106514,0.016458832090720535,5.017812285243946e-06
149149,8.056065680025926,0.013462513955309986,5.016887247670439e-06
149199,8.058766338986713,0.014449179079383612,5.015986865586743e-06
149249,8.0614669979475,0.015561515735462307,5.015111139980235e-06
149299,8.064167656908285,0.014557153340429068,5.014260071811257e-06
149349,8.066868315869073,0.013884158534929157,5.01343366201311e-06
149399,8.069568974829858,0.015074890772812068,5.0126319114920545e-06
149449,8.072269633790645,0.015439344998449088,5.011854821127305e-06
149499,8.07497029275143,0.012727402388118208,5.01110239177104e-06
149549,8.077670951712218,0.014085904574021696,5.010374624248389e-06
149599,8.080371610673005,0.014067601375281812,5.009671519357437e-06
149649,8.08307226963379,0.018037745235487818,5.008993077869229e-06
149699,8.085772928594578,0.01255671846680343,5.008339300527755e-06
149749,8.088473587555363,0.01431810026988387,5.007710188049962e-06
149799,8.09117424651615,0.014079846222884954,5.007105741125752e-06
149849,8.093874905476936,0.012296407762914897,5.006525960417971e-06
149899,8.096575564437723,0.014845448695123196,5.0059708465624234e-06
149949,8.09927622339851,0.012997952667064964,5.0054404001678595e-06
149999,8.101976882359295,0.013908698568120598,5.004934621815977e-06
150049,8.104677541320083,0.01798159004189074,5.0044535120614235e-06
150099,8.107378200280868,0.015432349275797605,5.003997071431799e-06
150149,8.110078859241655,0.012088444158434868,5.003565300427641e-06
150199,8.11277951820244,0.01244919175747782,5.003158199522443e-06
150249,8.115480177163228,0.013330183399375528,5.002775769162637e-06
150299,8.118180836124015,0.018581031672656536,5.0024180097676085e-06
150349,8.1208814950848,0.014487923549022525,5.002084921729687e-06
150399,8.123582154045588,0.013702783468179405,5.001776505414138e-06
150449,8.126282813006373,0.011526867439970374,5.001492761159181e-06
150499,8.12898347196716,0.012691101785749196,5.001233689275978e-06
150549,8.131684130927946,0.012417988670058548,5.00099929004863e-06
150599,8.134384789888733,0.015851798094809057,5.000789563734187e-06
150649,8.13708544884952,0.013351927190087735,5.000604510562638e-06
150699,8.139786107810306,0.016223980775102974,5.0004441307369155e-06
150749,8.142486766771093,0.013356164330616593,5.0003084244328985e-06
150799,8.145187425731878,0.013130058399401606,5.000197391799404e-06
150849,8.147888084692665,0.01194567502476275,5.000111032958191e-06
150899,8.15058874365345,0.013024405264295637,5.000049348003966e-06
150949,8.153289402614238,0.013550096987746656,5.000012337004374e-06
150999,8.155990061575025,0.013784641046077012,5e-06
151049,8.15869072053581,0.013656930159777403,5e-06
151099,8.161391379496598,0.016016807248815892,5e-06
151149,8.164092038457383,0.012148142554797231,5e-06
151199,8.16679269741817,0.01121691529173404,5e-06
151249,8.169493356378956,0.01659771686885506,5e-06
151299,8.172194015339743,0.01376164382789284,5e-06
151349,8.17489467430053,0.014311544611118734,5e-06
151399,8.177595333261316,0.012757174517028035,5e-06
151449,8.180295992222103,0.014419841556809842,5e-06
151499,8.182996651182888,0.012387489415705204,5e-06
151549,8.185697310143675,0.015080712558701635,5e-06
151599,8.18839796910446,0.012391024883836508,5e-06
151649,8.191098628065248,0.013440154641866684,5e-06
151699,8.193799287026035,0.013890222553163767,5e-06
151749,8.19649994598682,0.013160516796633602,5e-06
151799,8.199200604947608,0.014238747805356979,5e-06
151849,8.201901263908393,0.013274143505841494,5e-06
151899,8.20460192286918,0.012405811492353678,5e-06
151949,8.207302581829966,0.015555915969889611,5e-06
151999,8.210003240790753,0.012501965942792594,5e-06
152049,8.21270389975154,0.014898143382743001,5e-06
152099,8.215404558712326,0.013835384603589773,5e-06
152149,8.218105217673113,0.013880913499742747,5e-06
152199,8.220805876633898,0.013840827515814454,5e-06
152249,8.223506535594685,0.014890860905870796,5e-06
152299,8.226207194555471,0.012599477316252888,5e-06
152349,8.228907853516258,0.014079569918103517,5e-06
152399,8.231608512477045,0.012824794817715883,5e-06
152449,8.23430917143783,0.011887583220377564,5e-06
152499,8.237009830398618,0.014846660755574703,5e-06
152549,8.239710489359403,0.013909183687064796,5e-06
152599,8.24241114832019,0.013988774879835545,5e-06
152649,8.245111807280976,0.012164036785252392,5e-06
152699,8.247812466241763,0.013809478632174433,5e-06
152749,8.250513125202549,0.014428947796113789,5e-06
152799,8.253213784163336,0.014176678266376258,5e-06
152849,8.255914443124123,0.012568500190973282,5e-06
152899,8.258615102084908,0.014993408462032676,5e-06
152949,8.261315761045696,0.017083250815048814,5e-06
152999,8.264016420006481,0.01619664052966982,5e-06
153049,8.266717078967268,0.016107611004263164,5e-06
153099,8.269417737928054,0.01235947331879288,5e-06
153149,8.27211839688884,0.012016161517240108,5e-06
153199,8.274819055849628,0.013361957906745374,5e-06
153249,8.277519714810413,0.01433799480088055,5e-06
153299,8.2802203737712,0.01353073318488896,5e-06
153349,8.282921032731986,0.014116251356899739,5e-06
153399,8.285621691692773,0.014300932232290507,5e-06
153449,8.288322350653559,0.013264352490659803,5e-06
153499,8.291023009614346,0.01265556453494355,5e-06
153549,8.293723668575133,0.012053293166682124,5e-06
153599,8.296424327535918,0.014264047415927052,5e-06
153649,8.299124986496706,0.014078360768035054,5e-06
153699,8.301825645457491,0.011209301552735269,5e-06
153749,8.304526304418278,0.011958230657037348,5e-06
153799,8.307226963379064,0.012976829688996076,5e-06
153849,8.30992762233985,0.013780595241114498,5e-06
153899,8.312628281300638,0.011184180390555411,5e-06
153949,8.315328940261423,0.013729996019974352,5e-06
153999,8.31802959922221,0.015350646302103997,5e-06
154049,8.320730258182996,0.013595303520560265,5e-06
154099,8.323430917143783,0.01439660122152418,5e-06
154149,8.326131576104569,0.014021639595739543,5e-06
154199,8.328832235065356,0.012735119014978409,5e-06
154249,8.331532894026143,0.013167232037521898,5e-06
154299,8.334233552986928,0.012786622834391892,5e-06
154349,8.336934211947716,0.015680492967367173,5e-06
154399,8.339634870908501,0.01323381441179663,5e-06
154449,8.342335529869288,0.014094676137901843,5e-06
154499,8.345036188830074,0.016633583642542363,5e-06
154549,8.347736847790861,0.01607280525844544,5e-06
154599,8.350437506751648,0.012775692800059914,5e-06
154649,8.353138165712434,0.014730618824250996,5e-06
154699,8.35583882467322,0.01153310467954725,5e-06
154749,8.358539483634006,0.015384354637935757,5e-06
154799,8.361240142594793,0.017285804077982903,5e-06
154849,8.363940801555579,0.013812606194987894,5e-06
154899,8.366641460516366,0.013310575177893042,5e-06
154949,8.369342119477153,0.012592454538680613,5e-06
154999,8.372042778437939,0.012823771010152996,5e-06
155049,8.374743437398726,0.015163032300770284,5e-06
155099,8.377444096359511,0.016939654117450118,5e-06
155149,8.380144755320298,0.013601164575666189,5e-06
155199,8.382845414281084,0.012915355633012951,5e-06
155249,8.385546073241871,0.012298224731348456,5e-06
155299,8.388246732202658,0.013717588419094682,5e-06
155349,8.390947391163444,0.01643471423536539,5e-06
155399,8.39364805012423,0.011453943522647024,5e-06
155449,8.396348709085016,0.012111135884188115,5e-06
155499,8.399049368045803,0.014834219319745899,5e-06
155549,8.401750027006589,0.014351630955934525,5e-06
155599,8.404450685967376,0.014161526798270643,5e-06
155649,8.407151344928163,0.013046680479310452,5e-06
155699,8.409852003888949,0.014407350555993617,5e-06
155749,8.412552662849736,0.01188753048889339,5e-06
155799,8.415253321810521,0.013760750009678304,5e-06
155849,8.417953980771308,0.01388008815702051,5e-06
155899,8.420654639732094,0.013383400528691709,5e-06
155949,8.423355298692881,0.02399154576472938,5e-06
155999,8.426055957653668,0.01714467165991664,5e-06
156049,8.428756616614454,0.012702713985927403,5e-06
156099,8.43145727557524,0.011670918553136289,5e-06
156149,8.434157934536026,0.013327535036951303,5e-06
156199,8.436858593496813,0.012311335885897279,5e-06
156249,8.439559252457599,0.013055233317427337,5e-06
156299,8.442259911418386,0.014629663689993322,5e-06
156349,8.444960570379173,0.015219400885980576,5e-06
156399,8.447661229339959,0.013124358570203186,5e-06
156449,8.450361888300746,0.013660936472006143,5e-06
156499,8.453062547261531,0.014316892069764435,5e-06
156549,8.455763206222318,0.012800550474785267,5e-06
156599,8.458463865183104,0.01489964768756181,5e-06
156649,8.461164524143891,0.012593222800642252,5e-06
156699,8.463865183104678,0.011833203718997537,5e-06
156749,8.466565842065464,0.016015392262488604,5e-06
156799,8.469266501026251,0.01540935643017292,5e-06
156849,8.471967159987036,0.013918326841667295,5e-06
156899,8.474667818947824,0.011530610481277109,5e-06
156949,8.477368477908609,0.015520563069730996,5e-06
156999,8.480069136869396,0.012185076675377786,5e-06
157049,8.482769795830183,0.012895715357735753,5e-06
157099,8.485470454790969,0.012516362280584871,5e-06
157149,8.488171113751756,0.013459865772165357,5e-06
157199,8.490871772712541,0.013387469723820686,5e-06
157249,8.493572431673329,0.01543913632631302,5e-06
157299,8.496273090634114,0.01309684011619538,5e-06
157349,8.498973749594901,0.01496595423668623,5e-06
157399,8.501674408555688,0.01420683370437473,5e-06
157449,8.504375067516474,0.012403632723726332,5e-06
157499,8.507075726477261,0.015023017008788884,5e-06
157549,8.509776385438046,0.017373144174925984,5e-06
157599,8.512477044398834,0.013615075554698706,5e-06
157649,8.515177703359619,0.01117856292054057,5e-06
157699,8.517878362320406,0.013903616410680116,5e-06
157749,8.520579021281193,0.011089789881370962,5e-06
157799,8.523279680241979,0.013672342794016003,5e-06
157849,8.525980339202766,0.015636216441635042,5e-06
157899,8.528680998163551,0.014013877622783184,5e-06
157949,8.531381657124339,0.01324707258027047,5e-06
157999,8.534082316085124,0.013772419937886297,5e-06
158049,8.536782975045911,0.014152512536384165,5e-06
158099,8.539483634006698,0.013481618817895651,5e-06
158149,8.542184292967484,0.012268167524598538,5e-06
158199,8.544884951928271,0.012874158676713704,5e-06
158249,8.547585610889056,0.014201473025605083,5e-06
158299,8.550286269849844,0.013321635997854173,5e-06
158349,8.552986928810629,0.014065238763578236,5e-06
158399,8.555687587771416,0.012352794632315636,5e-06
158449,8.558388246732203,0.014641713164746762,5e-06
158499,8.561088905692989,0.01411365944892168,5e-06
158549,8.563789564653776,0.011538933254778385,5e-06
158599,8.566490223614561,0.014120848320890217,5e-06
158649,8.569190882575349,0.013720274213701486,5e-06
158699,8.571891541536134,0.012976717143319548,5e-06
158749,8.574592200496921,0.016797875841148197,5e-06
158799,8.577292859457708,0.012364104297012091,5e-06
158849,8.579993518418494,0.01348479000851512,5e-06
158899,8.582694177379281,0.0121638200012967,5e-06
158949,8.585394836340067,0.011811772133223713,5e-06
158999,8.588095495300854,0.01498033012729138,5e-06
159049,8.59079615426164,0.011357108163647354,5e-06
159099,8.593496813222426,0.012491049314849078,5e-06
159149,8.596197472183214,0.012628521779552102,5e-06
159199,8.598898131143999,0.012878556423820554,5e-06
159249,8.601598790104786,0.011122709438204766,5e-06
159299,8.604299449065572,0.01312115223146975,5e-06
159349,8.607000108026359,0.01698534658178687,5e-06
159399,8.609700766987144,0.012823662171140313,5e-06
159449,8.612401425947931,0.014386383066885174,5e-06
159499,8.615102084908719,0.01307037277147174,5e-06
159549,8.617802743869504,0.014337991792708636,5e-06
159599,8.620503402830291,0.012909598415717483,5e-06
159649,8.623204061791077,0.013968614605255425,5e-06
159699,8.625904720751864,0.01276933316141367,5e-06
159749,8.62860537971265,0.013029432515613735,5e-06
159799,8.631306038673436,0.014555639061145485,5e-06
159849,8.634006697634224,0.017513354104012252,5e-06
159899,8.636707356595009,0.016037531862966716,5e-06
159949,8.639408015555796,0.013433165545575321,5e-06
159999,8.642108674516582,0.01646513132378459,5e-06
160049,8.644809333477369,0.01544714577961713,5e-06
160099,8.647509992438154,0.012365218955092133,5e-06
160149,8.650210651398941,0.012157443477772176,5e-06
160199,8.652911310359729,0.01569971798919141,5e-06
160249,8.655611969320514,0.015306531493552029,5e-06
160299,8.658312628281301,0.013547917040996253,5e-06
160349,8.661013287242087,0.013133613239042462,5e-06
160399,8.663713946202874,0.013820894584059716,5e-06
160449,8.66641460516366,0.011601520241238178,5e-06
160499,8.669115264124446,0.015893128318712115,5e-06
160549,8.671815923085234,0.014933540662750601,5e-06
160599,8.674516582046019,0.01496525073889643,5e-06
160649,8.677217241006806,0.011081874067895115,5e-06
160699,8.679917899967592,0.014018101557157934,5e-06
160749,8.682618558928379,0.013763022096827626,5e-06
160799,8.685319217889164,0.011700460123829543,5e-06
160849,8.688019876849951,0.012599431988783182,5e-06
160899,8.690720535810739,0.013368628760799766,5e-06
160949,8.693421194771524,0.013223455720581114,5e-06
160999,8.696121853732311,0.013407601877115666,5e-06
161049,8.698822512693097,0.013889760985039174,5e-06
161099,8.701523171653884,0.013251489102840424,5e-06
161149,8.70422383061467,0.013200332559645176,5e-06
161199,8.706924489575457,0.014269098187796772,5e-06
161249,8.709625148536244,0.012008180953562259,5e-06
161299,8.71232580749703,0.012473217570222914,5e-06
161349,8.715026466457816,0.010730306804180145,5e-06
161399,8.717727125418602,0.01497991833370179,5e-06
161449,8.720427784379389,0.010873667071573436,5e-06
161499,8.723128443340174,0.015312652457505465,5e-06
161549,8.725829102300962,0.01005619864910841,5e-06
161599,8.728529761261749,0.011379646142013372,5e-06
161649,8.731230420222534,0.012963378736749291,5e-06
161699,8.733931079183321,0.012660729079507292,5e-06
161749,8.736631738144107,0.013528482881374657,5e-06
161799,8.739332397104894,0.014118434644769877,5e-06
161849,8.74203305606568,0.0128024811623618,5e-06
161899,8.744733715026467,0.013834771984256804,5e-06
161949,8.747434373987254,0.012878084969706834,5e-06
161999,8.75013503294804,0.013673662175424397,5e-06
162049,8.752835691908826,0.011912942174822092,5e-06
162099,8.755536350869612,0.0138987549347803,5e-06
162149,8.758237009830399,0.01258106826338917,5e-06
162199,8.760937668791184,0.011449814778752626,5e-06
162249,8.763638327751972,0.013602860891260206,5e-06
162299,8.766338986712759,0.016431777626276015,5e-06
162349,8.769039645673544,0.0140884299390018,5e-06
162399,8.771740304634331,0.014572433209978045,5e-06
162449,8.774440963595117,0.015813324241898952,5e-06
162499,8.777141622555904,0.013395363884046673,5e-06
162549,8.77984228151669,0.011579878791235388,5e-06
162599,8.782542940477477,0.013902644736226648,5e-06
162649,8.785243599438262,0.013017221791669727,5e-06
162699,8.78794425839905,0.014607496343087405,5e-06
162749,8.790644917359836,0.011835259757936001,5e-06
162799,8.793345576320622,0.013045854968950152,5e-06
162849,8.796046235281409,0.012419755752198398,5e-06
162899,8.798746894242194,0.013324226858094335,5e-06
162949,8.801447553202982,0.014484622133895755,5e-06
162999,8.804148212163767,0.01430414240807295,5e-06
163049,8.806848871124554,0.013823576290160417,5e-06
163099,8.809549530085341,0.012150733997114003,5e-06
163149,8.812250189046127,0.012912815401796252,5e-06
163199,8.814950848006914,0.01478852824307978,5e-06
163249,8.8176515069677,0.01565353355370462,5e-06
163299,8.820352165928487,0.011721499371342361,5e-06
163349,8.823052824889272,0.013957065604627132,5e-06
163399,8.82575348385006,0.011951046893373132,5e-06
163449,8.828454142810847,0.013396123936399818,5e-06
163499,8.831154801771632,0.011821312219835818,5e-06
163549,8.83385546073242,0.012524052876979113,5e-06
163599,8.836556119693205,0.01263632440008223,5e-06
163649,8.839256778653992,0.012390526840463281,5e-06
163699,8.841957437614777,0.013535690582357348,5e-06
163749,8.844658096575564,0.011230235300026835,5e-06
163799,8.847358755536352,0.013800134542398155,5e-06
163849,8.850059414497137,0.011361690005287528,5e-06
163899,8.852760073457924,0.01432573834899813,5e-06
163949,8.85546073241871,0.014159224415197968,5e-06
163999,8.858161391379497,0.013529832321219147,5e-06
164049,8.860862050340282,0.01306232581846416,5e-06
164099,8.86356270930107,0.014213695847429335,5e-06
164149,8.866263368261857,0.013369556614197791,5e-06
164199,8.868964027222642,0.013593809250742196,5e-06
164249,8.87166468618343,0.014581713951192796,5e-06
164299,8.874365345144215,0.013260429818183183,5e-06
164349,8.877066004105002,0.012068545892834664,5e-06
164399,8.879766663065787,0.015037483870983123,5e-06
164449,8.882467322026574,0.012644513212144375,5e-06
164499,8.885167980987362,0.013471927428618073,5e-06
164549,8.887868639948147,0.012832937440834939,5e-06
164599,8.890569298908934,0.02011715143918991,5e-06
164649,8.89326995786972,0.011919491942971944,5e-06
164699,8.895970616830507,0.014036074951291085,5e-06
164749,8.898671275791292,0.011152359885163604,5e-06
164799,8.90137193475208,0.012879666867665946,5e-06
164849,8.904072593712867,0.012667042887769639,5e-06
164899,8.906773252673652,0.021763726407662033,5e-06
164949,8.90947391163444,0.013836849411018193,5e-06
164999,8.912174570595225,0.014738525045104325,5e-06
165049,8.914875229556012,0.01392923752311617,5e-06
165099,8.917575888516797,0.01422493787948042,5e-06
165149,8.920276547477584,0.013185137175023556,5e-06
165199,8.922977206438372,0.013561381446197628,5e-06
165249,8.925677865399157,0.01191982498858124,5e-06
165299,8.928378524359944,0.011717562340199947,5e-06
165349,8.93107918332073,0.01528078724630177,5e-06
165399,8.933779842281517,0.012903627888299525,5e-06
165449,8.936480501242302,0.009744091560132801,5e-06
165499,8.93918116020309,0.015364010445773601,5e-06
165549,8.941881819163877,0.012956170453689993,5e-06
165599,8.944582478124662,0.013194714249111712,5e-06
165649,8.94728313708545,0.01363794804085046,5e-06
165699,8.949983796046235,0.015032832794822752,5e-06
165749,8.952684455007022,0.013092692010104656,5e-06
165799,8.955385113967807,0.014410432972945274,5e-06
165849,8.958085772928595,0.014728988921269774,5e-06
165899,8.960786431889382,0.01506156197283417,5e-06
165949,8.963487090850167,0.014455115771852434,5e-06
165999,8.966187749810954,0.01464886102359742,5e-06
166049,8.96888840877174,0.012384069641120732,5e-06
166099,8.971589067732527,0.014442939586006105,5e-06
166149,8.974289726693312,0.01231530443765223,5e-06
166199,8.9769903856541,0.012836461984552443,5e-06
166249,8.979691044614887,0.014644300458021462,5e-06
166299,8.982391703575672,0.011648838585242629,5e-06
166349,8.98509236253646,0.014353046738542617,5e-06
166399,8.987793021497245,0.012790393019095063,5e-06
166449,8.990493680458032,0.013613915722817182,5e-06
166499,8.993194339418817,0.013448313777334988,5e-06
166549,8.995894998379605,0.01257123566698283,5e-06
166599,8.998595657340392,0.013932675067335367,5e-06
166649,9.001296316301177,0.012823785082437098,5e-06
166699,9.003996975261964,0.013975287950597704,5e-06
166749,9.00669763422275,0.012793915336951614,5e-06
166799,9.009398293183537,0.016890538586303593,5e-06
166849,9.012098952144322,0.01711324494332075,5e-06
166899,9.01479961110511,0.011196446800604463,5e-06
166949,9.017500270065897,0.013579785116016865,5e-06
166999,9.020200929026682,0.013473546258173883,5e-06
167049,9.02290158798747,0.012717463970184327,5e-06
167099,9.025602246948255,0.012988944365642964,5e-06
167149,9.028302905909042,0.012330084978602827,5e-06
167199,9.031003564869827,0.014329220191575587,5e-06
167249,9.033704223830615,0.011644800310023129,5e-06
167299,9.036404882791402,0.014566791346296667,5e-06
167349,9.039105541752187,0.011606829538941384,5e-06
167399,9.041806200712974,0.013204725570976733,5e-06
167449,9.04450685967376,0.023972239750437437,5e-06
167499,9.047207518634547,0.01122012727893889,5e-06
167549,9.049908177595333,0.013333989609964191,5e-06
167599,9.05260883655612,0.01256661992520094,5e-06
167649,9.055309495516907,0.013436982159037143,5e-06
167699,9.058010154477692,0.011667231414467096,5e-06
167749,9.06071081343848,0.014580026688054203,5e-06
167799,9.063411472399265,0.013455213624984025,5e-06
167849,9.066112131360052,0.011533006224781275,5e-06
167899,9.068812790320838,0.01570651245303452,5e-06
167949,9.071513449281625,0.016924079228192567,5e-06
167999,9.074214108242412,0.012478354289196431,5e-06
168049,9.076914767203197,0.011994593744166195,5e-06
168099,9.079615426163985,0.01092139028944075,5e-06
168149,9.08231608512477,0.015161104425787926,5e-06
168199,9.085016744085557,0.010953851186204702,5e-06
168249,9.087717403046343,0.01336071604397148,5e-06
168299,9.09041806200713,0.013704994949512184,5e-06
168349,9.093118720967917,0.017450158069841563,5e-06
168399,9.095819379928702,0.011673399824649095,5e-06
168449,9.09852003888949,0.013639629208482803,5e-06
168499,9.101220697850275,0.012970322049222887,5e-06
168549,9.103921356811062,0.012893904102966189,5e-06
168599,9.106622015771848,0.013328555370680988,5e-06
168649,9.109322674732635,0.011619304646737874,5e-06
168699,9.112023333693422,0.014200379187241197,5e-06
168749,9.114723992654207,0.012228128332644701,5e-06
168799,9.117424651614995,0.010117967133410274,5e-06
168849,9.12012531057578,0.012323530479334295,5e-06
168899,9.122825969536567,0.010662124459631741,5e-06
168949,9.125526628497353,0.014474249635823071,5e-06
168999,9.12822728745814,0.012759117847308517,5e-06
169049,9.130927946418927,0.012478126892820001,5e-06
169099,9.133628605379712,0.011555746546946466,5e-06
169149,9.1363292643405,0.011838139439933002,5e-06
169199,9.139029923301285,0.012934813089668751,5e-06
169249,9.141730582262072,0.012800996587611736,5e-06
169299,9.144431241222858,0.012453692806884646,5e-06
169349,9.147131900183645,0.01374311595922336,5e-06
169399,9.149832559144432,0.01312446825671941,5e-06
169449,9.152533218105217,0.013047158112749457,5e-06
169499,9.155233877066005,0.011235830555669964,5e-06
169549,9.15793453602679,0.011951427604071797,5e-06
169599,9.160635194987577,0.01171240427531302,5e-06
169649,9.163335853948363,0.011145358844660223,5e-06
169699,9.16603651290915,0.012579014226794243,5e-06
169749,9.168737171869937,0.01254343865904957,5e-06
169799,9.171437830830723,0.010423104618676007,5e-06
169849,9.17413848979151,0.014834840926341712,5e-06
169899,9.176839148752295,0.011840721224434674,5e-06
169949,9.179539807713082,0.015308468802832067,5e-06
169999,9.182240466673868,0.012505292664282025,5e-06
170049,9.184941125634655,0.012573900641873479,5e-06
170099,9.187641784595442,0.013114972696639597,5e-06
170149,9.190342443556228,0.013349636700004339,5e-06
170199,9.193043102517015,0.011785908499732614,5e-06
170249,9.1957437614778,0.012326314463280141,5e-06
170299,9.198444420438587,0.01086515371222049,5e-06
170349,9.201145079399373,0.013912793090566993,5e-06
170399,9.20384573836016,0.010014087334275246,5e-06
170449,9.206546397320947,0.013000523350201547,5e-06
170499,9.209247056281733,0.011496056504547596,5e-06
170549,9.21194771524252,0.011695356979034842,5e-06
170599,9.214648374203305,0.01123734057880938,5e-06
170649,9.217349033164092,0.015987237514927984,5e-06
170699,9.220049692124878,0.01219626353122294,5e-06
170749,9.222750351085665,0.01359067632816732,5e-06
170799,9.225451010046452,0.012064113980159163,5e-06
170849,9.228151669007238,0.012579602575860917,5e-06
170899,9.230852327968025,0.012352898688986898,5e-06
170949,9.23355298692881,0.01139814404770732,5e-06
170999,9.236253645889597,0.013068929710425437,5e-06
171049,9.238954304850383,0.01531179632525891,5e-06
171099,9.24165496381117,0.011312249237671495,5e-06
171149,9.244355622771957,0.0133715397445485,5e-06
171199,9.247056281732743,0.01183792795985937,5e-06
171249,9.24975694069353,0.012826722683385014,5e-06
171299,9.252457599654315,0.013018204071559012,5e-06
171349,9.255158258615102,0.013585751499049366,5e-06
171399,9.257858917575888,0.013101999796926975,5e-06
171449,9.260559576536675,0.015642541041597725,5e-06
171499,9.263260235497462,0.022599437762983142,5e-06
171549,9.265960894458248,0.011300974073819817,5e-06
171599,9.268661553419035,0.010642714174464345,5e-06
171649,9.27136221237982,0.011285451573785394,5e-06
171699,9.274062871340607,0.011982340142130852,5e-06
171749,9.276763530301393,0.012969110915437341,5e-06
171799,9.27946418926218,0.010083155874162912,5e-06
171849,9.282164848222967,0.011825271004345267,5e-06
171899,9.284865507183753,0.012173238880932332,5e-06
171949,9.28756616614454,0.012595634665340185,5e-06
171999,9.290266825105325,0.013602413954213261,5e-06
172049,9.292967484066113,0.015626005819067357,5e-06
172099,9.295668143026898,0.012962588728405534,5e-06
172149,9.298368801987685,0.013796665868721903,5e-06
172199,9.301069460948472,0.013093586796894669,5e-06
172249,9.303770119909258,0.011549660861492157,5e-06
172299,9.306470778870045,0.009879632450174541,5e-06
172349,9.30917143783083,0.013881594273261726,5e-06
172399,9.311872096791618,0.01182054658420384,5e-06
172449,9.314572755752403,0.012491271393373608,5e-06
172499,9.31727341471319,0.014656876726076008,5e-06
172549,9.319974073673976,0.01387332884594798,5e-06
172599,9.322674732634763,0.011090102000162005,5e-06
172649,9.32537539159555,0.014073977153748274,5e-06
172699,9.328076050556335,0.011737136179581284,5e-06
172749,9.330776709517123,0.011843729610554875,5e-06
172799,9.333477368477908,0.011201843461021781,5e-06
172849,9.336178027438695,0.01337860295549035,5e-06
172899,9.33887868639948,0.012386682941578329,5e-06
172949,9.341579345360268,0.01053303106687963,5e-06
172999,9.344280004321055,0.01130092803388834,5e-06
173049,9.34698066328184,0.011306162290275097,5e-06
173099,9.349681322242628,0.011457613366656006,5e-06
173149,9.352381981203413,0.012280906511005014,5e-06
173199,9.3550826401642,0.013725258810445666,5e-06
173249,9.357783299124986,0.012113973484374582,5e-06
173299,9.360483958085773,0.014759023585356771,5e-06
173349,9.36318461704656,0.012550814598798752,5e-06
173399,9.365885276007345,0.013619790263473987,5e-06
173449,9.368585934968133,0.013957360079512,5e-06
173499,9.371286593928918,0.011647829446010291,5e-06
173549,9.373987252889705,0.012178379218094051,5e-06
173599,9.37668791185049,0.0200574919488281,5e-06
173649,9.379388570811278,0.01217450236901641,5e-06
173699,9.382089229772065,0.010970986308529973,5e-06
173749,9.38478988873285,0.012684769602492452,5e-06
173799,9.387490547693638,0.013069245922379196,5e-06
173849,9.390191206654423,0.012081933142617345,5e-06
173899,9.39289186561521,0.01230831213761121,5e-06
173949,9.395592524575996,0.012036133743822574,5e-06
173999,9.398293183536783,0.012468938077799975,5e-06
174049,9.40099384249757,0.01186848615296185,5e-06
174099,9.403694501458356,0.012730320054106414,5e-06
174149,9.406395160419143,0.012959511717781425,5e-06
174199,9.409095819379928,0.014797324016690254,5e-06
174249,9.411796478340715,0.011310367542319,5e-06
174299,9.4144971373015,0.011414271844550967,5e-06
174349,9.417197796262288,0.01193277314538136,5e-06
174399,9.419898455223075,0.011924545271322131,5e-06
174449,9.42259911418386,0.01213975669350475,5e-06
174499,9.425299773144648,0.013763930411078035,5e-06
174549,9.428000432105433,0.01452676896005869,5e-06
174599,9.43070109106622,0.012593515072949231,5e-06
174649,9.433401750027006,0.01487562470138073,5e-06
174699,9.436102408987793,0.012960555129684508,5e-06
174749,9.43880306794858,0.011837898744270206,5e-06
174799,9.441503726909366,0.012458717999979853,5e-06
174849,9.444204385870153,0.011518637519329786,5e-06
174899,9.446905044830938,0.012080068876966834,5e-06
174949,9.449605703791725,0.013492161990143359,5e-06
174999,9.45230636275251,0.014529762254096568,5e-06
175049,9.455007021713298,0.011627217289060354,5e-06
175099,9.457707680674085,0.011091256872750819,5e-06
175149,9.46040833963487,0.01152233159635216,5e-06
175199,9.463108998595658,0.012723645349033176,5e-06
175249,9.465809657556443,0.011662733415141702,5e-06
175299,9.46851031651723,0.011843716171570122,5e-06
175349,9.471210975478016,0.013122122213244438,5e-06
175399,9.473911634438803,0.012360600135289133,5e-06
175449,9.47661229339959,0.014599985606037081,5e-06
175499,9.479312952360376,0.01074859468266368,5e-06
175549,9.482013611321163,0.011922478443011642,5e-06
175599,9.484714270281948,0.012333793081343174,5e-06
175649,9.487414929242735,0.010665729073807598,5e-06
175699,9.49011558820352,0.009690590100362897,5e-06
175749,9.492816247164308,0.014828150565735996,5e-06
175799,9.495516906125095,0.011228114389814437,5e-06
175849,9.49821756508588,0.014252690472640097,5e-06
175899,9.500918224046668,0.012137953736819328,5e-06
175949,9.503618883007453,0.012908533876761795,5e-06
175999,9.50631954196824,0.012214425853453576,5e-06
176049,9.509020200929026,0.010578875788487494,5e-06
176099,9.511720859889813,0.014755563526414335,5e-06
176149,9.5144215188506,0.014342887890525163,5e-06
176199,9.517122177811386,0.01250571820884943,5e-06
176249,9.519822836772173,0.013958784737624227,5e-06
176299,9.522523495732958,0.013615697547793388,5e-06
176349,9.525224154693746,0.014040088434703647,5e-06
176399,9.527924813654531,0.013113529987167567,5e-06
176449,9.530625472615318,0.01334239567629993,5e-06
176499,9.533326131576105,0.011145157204009593,5e-06
176549,9.53602679053689,0.013094589016400277,5e-06
176599,9.538727449497678,0.011277129794470965,5e-06
176649,9.541428108458463,0.014147099615074694,5e-06
176699,9.54412876741925,0.014598807147704064,5e-06
176749,9.546829426380036,0.012777210641652346,5e-06
176799,9.549530085340823,0.012280620671808719,5e-06
176849,9.55223074430161,0.01176588245201856,5e-06
176899,9.554931403262396,0.013635639352723956,5e-06
176949,9.557632062223183,0.012099952918943018,5e-06
176999,9.560332721183968,0.013342234073206782,5e-06
177049,9.563033380144756,0.014734010803513229,5e-06
177099,9.565734039105541,0.011497307871468364,5e-06
177149,9.568434698066328,0.011894630836322903,5e-06
177199,9.571135357027115,0.011953257084824144,5e-06
177249,9.5738360159879,0.012635229588486254,5e-06
177299,9.576536674948688,0.010710393539629876,5e-06
177349,9.579237333909473,0.013565108636394143,5e-06
177399,9.58193799287026,0.014646216616965831,5e-06
177449,9.584638651831046,0.01113969535101205,5e-06
177499,9.587339310791833,0.011887561935000122,5e-06
177549,9.59003996975262,0.01069525148253888,5e-06
177599,9.592740628713406,0.010900888505857438,5e-06
177649,9.595441287674193,0.01264109228271991,5e-06
177699,9.598141946634978,0.010201095752418041,5e-06
177749,9.600842605595766,0.012948111789301038,5e-06
177799,9.603543264556551,0.01297211503610015,5e-06
177849,9.606243923517338,0.013027615104801953,5e-06
177899,9.608944582478125,0.01155627089785412,5e-06
177949,9.61164524143891,0.012930788793601095,5e-06
177999,9.614345900399698,0.014051222656853497,5e-06
178049,9.617046559360483,0.012060295902192592,5e-06
178099,9.61974721832127,0.010358087993226945,5e-06
178149,9.622447877282056,0.010451762462034822,5e-06
178199,9.625148536242843,0.01454901771619916,5e-06
178249,9.62784919520363,0.012782466486096383,5e-06
178299,9.630549854164416,0.011000013323500752,5e-06
178349,9.633250513125203,0.011353065641596913,5e-06
178399,9.635951172085989,0.015832897420041264,5e-06
178449,9.638651831046776,0.012722095511853694,5e-06
178499,9.641352490007561,0.01187338692136109,5e-06
178549,9.644053148968348,0.013606001562438906,5e-06
178599,9.646753807929136,0.012958998186513781,5e-06
178649,9.649454466889921,0.01334063129965216,5e-06
178699,9.652155125850708,0.01258747732732445,5e-06
178749,9.654855784811494,0.011690629380755126,5e-06
178799,9.65755644377228,0.012988642971031368,5e-06
178849,9.660257102733066,0.012682360378094018,5e-06
178899,9.662957761693853,0.013329734182916582,5e-06
178949,9.66565842065464,0.01428958160802722,5e-06
178999,9.668359079615426,0.010782737750560045,5e-06
179049,9.671059738576213,0.011590769058093428,5e-06
179099,9.673760397536999,0.010385433752089739,5e-06
179149,9.676461056497786,0.015567381044384092,5e-06
179199,9.679161715458571,0.013695727447047829,5e-06
179249,9.681862374419358,0.01320970012806356,5e-06
179299,9.684563033380146,0.01208322445396334,5e-06
179349,9.687263692340931,0.01279748445842415,5e-06
179399,9.689964351301718,0.01180908661801368,5e-06
179449,9.692665010262504,0.010043942588381469,5e-06
179499,9.69536566922329,0.011596832280047238,5e-06
179549,9.698066328184076,0.011421091174706816,5e-06
179599,9.700766987144863,0.014088211711496115,5e-06
179649,9.70346764610565,0.013120295428670943,5e-06
179699,9.706168305066436,0.012282885042950512,5e-06
179749,9.708868964027223,0.014694775126408786,5e-06
179799,9.711569622988009,0.014639426316134631,5e-06
179849,9.714270281948796,0.012972639231011272,5e-06
179899,9.716970940909581,0.011158331078477204,5e-06
179949,9.719671599870368,0.011967576909810304,5e-06
179999,9.722372258831156,0.011166214821860193,5e-06
180049,9.725072917791941,0.01468401970807463,5e-06
180099,9.727773576752728,0.013135467520914972,5e-06
180149,9.730474235713514,0.012080770928878336,5e-06
180199,9.7331748946743,0.012195139843970536,5e-06
180249,9.735875553635086,0.011912472685799003,5e-06
180299,9.738576212595873,0.012275451719760895,5e-06
180349,9.74127687155666,0.011696638097055257,5e-06
180399,9.743977530517446,0.01286535244435072,5e-06
180449,9.746678189478233,0.013388676093891263,5e-06
180499,9.749378848439019,0.013371382309123873,5e-06
180549,9.752079507399806,0.015773935071192683,5e-06
180599,9.754780166360591,0.013740880247205496,5e-06
180649,9.757480825321379,0.011955007640644909,5e-06
180699,9.760181484282166,0.01143121807835996,5e-06
180749,9.762882143242951,0.011628866833634675,5e-06
180799,9.765582802203738,0.013562819338403642,5e-06
180849,9.768283461164524,0.013722966427449136,5e-06
180899,9.770984120125311,0.012183661577291787,5e-06
180949,9.773684779086096,0.013547819294035434,5e-06
180999,9.776385438046884,0.012354723699390889,5e-06
181049,9.77908609700767,0.01178520144894719,5e-06
181099,9.781786755968456,0.012316145957447589,5e-06
181149,9.784487414929243,0.011067961077205837,5e-06
181199,9.787188073890029,0.013512718281708658,5e-06
181249,9.789888732850816,0.012761677782982588,5e-06
181299,9.792589391811601,0.012303287675604225,5e-06
181349,9.795290050772389,0.015195577507838606,5e-06
181399,9.797990709733176,0.011902805347926915,5e-06
181449,9.800691368693961,0.011826907298527659,5e-06
181499,9.803392027654748,0.01250961448997259,5e-06
181549,9.806092686615534,0.012174410792067648,5e-06
181599,9.808793345576321,0.010707838796079158,5e-06
181649,9.811494004537106,0.011462414939887821,5e-06
181699,9.814194663497894,0.01455554499058053,5e-06
181749,9.81689532245868,0.011525669870898127,5e-06
181799,9.819595981419466,0.011291883825324476,5e-06
181849,9.822296640380253,0.011935935588553548,5e-06
181899,9.824997299341039,0.01542479550698772,5e-06
181949,9.827697958301826,0.01127994732465595,5e-06
181999,9.830398617262611,0.012739122253842652,5e-06
182049,9.833099276223399,0.01164255759678781,5e-06
182099,9.835799935184186,0.01204196881968528,5e-06
182149,9.838500594144971,0.012376975729130208,5e-06
182199,9.841201253105758,0.013849855326116085,5e-06
182249,9.843901912066544,0.012702384861186147,5e-06
182299,9.846602571027331,0.011277540647424757,5e-06
182349,9.849303229988116,0.013321640687063336,5e-06
182399,9.852003888948904,0.011697691199369729,5e-06
182449,9.854704547909689,0.011841325666755437,5e-06
182499,9.857405206870476,0.013708011698909103,5e-06
182549,9.860105865831263,0.010544276000000536,5e-06
182599,9.862806524792049,0.013751765149645507,5e-06
182649,9.865507183752836,0.011319093958009034,5e-06
182699,9.868207842713622,0.01136906812665984,5e-06
182749,9.870908501674409,0.012907434324733912,5e-06
182799,9.873609160635194,0.012319486220367253,5e-06
182849,9.876309819595981,0.011972027020528913,5e-06
182899,9.879010478556769,0.011624656163621693,5e-06
182949,9.881711137517554,0.012878267173655332,5e-06
182999,9.884411796478341,0.011795557730365544,5e-06
183049,9.887112455439127,0.012293091961182653,5e-06
183099,9.889813114399914,0.013040418070740998,5e-06
183149,9.8925137733607,0.013503640061244368,5e-06
183199,9.895214432321486,0.01246529522817582,5e-06
183249,9.897915091282274,0.011387895168736577,5e-06
183299,9.900615750243059,0.011896950921509416,5e-06
183349,9.903316409203846,0.011840901556424796,5e-06
183399,9.906017068164632,0.012481894278898835,5e-06
183449,9.908717727125419,0.01350581190083176,5e-06
183499,9.911418386086204,0.01151423532050103,5e-06
183549,9.914119045046991,0.01267711036838591,5e-06
183599,9.916819704007779,0.012442996958270669,5e-06
183649,9.919520362968564,0.012554320860654116,5e-06
183699,9.922221021929351,0.013554553561843931,5e-06
183749,9.924921680890137,0.009748051608912647,5e-06
183799,9.927622339850924,0.014137258385308087,5e-06
183849,9.93032299881171,0.01419099775608629,5e-06
183899,9.933023657772496,0.012852007551118731,5e-06
183949,9.935724316733284,0.013206493691541255,5e-06
183999,9.938424975694069,0.010334279350936414,5e-06
184049,9.941125634654856,0.011633413687814027,5e-06
184099,9.943826293615642,0.013870106367394329,5e-06
184149,9.946526952576429,0.011663313265889883,5e-06
184199,9.949227611537214,0.01200317544862628,5e-06
184249,9.951928270498001,0.013074760343879461,5e-06
184299,9.954628929458789,0.011330987862311303,5e-06
184349,9.957329588419574,0.01265115019865334,5e-06
184399,9.960030247380361,0.02142025181092322,5e-06
184449,9.962730906341147,0.013392564281821251,5e-06
184499,9.965431565301934,0.012210999154485763,5e-06
184549,9.96813222426272,0.0131630215421319,5e-06
184599,9.970832883223506,0.014123948710039257,5e-06
184649,9.973533542184294,0.012229025466367602,5e-06
184699,9.976234201145079,0.012984850755892695,5e-06
184749,9.978934860105866,0.013973713167943061,5e-06
184799,9.981635519066652,0.012500638905912638,5e-06
184849,9.984336178027439,0.01290833453182131,5e-06
184899,9.987036836988224,0.013501741932705045,5e-06
184949,9.989737495949012,0.013402853412553668,5e-06
184999,9.992438154909799,0.01339359364937991,5e-06
185049,9.995138813870584,0.012694223299622536,5e-06
185099,9.997839472831371,0.01108603334520012,5e-06
185149,10.000540131792157,0.01314953868277371,5e-06
185199,10.003240790752944,0.013279066234827042,5e-06
185249,10.00594144971373,0.01005872493609786,5e-06
185299,10.008642108674517,0.013080888837575912,5e-06
185349,10.011342767635304,0.015476134549826383,5e-06
185399,10.01404342659609,0.011972104110755026,5e-06
185449,10.016744085556876,0.013421796271577477,5e-06
185499,10.019444744517662,0.010529796807095409,5e-06
185549,10.022145403478449,0.014108210986014455,5e-06
185599,10.024846062439234,0.012086069928482174,5e-06
185649,10.027546721400022,0.012282225019298494,5e-06
185699,10.030247380360809,0.012726957877166569,5e-06
185749,10.032948039321594,0.011555448756553233,5e-06
185799,10.035648698282381,0.015229512546211481,5e-06
185849,10.038349357243167,0.015077578355558216,5e-06
185899,10.041050016203954,0.011130114695988595,5e-06
185949,10.04375067516474,0.011725002378225326,5e-06
185999,10.046451334125527,0.012641378343105317,5e-06
186049,10.049151993086314,0.011160479565151036,5e-06
186099,10.0518526520471,0.012430688687600196,5e-06
186149,10.054553311007886,0.01310742037370801,5e-06
186199,10.057253969968672,0.010557984220795333,5e-06
186249,10.059954628929459,0.013250391553156078,5e-06
186299,10.062655287890244,0.011001166882924735,5e-06
186349,10.065355946851032,0.013480639373883605,5e-06
186399,10.068056605811819,0.011729716698173433,5e-06
186449,10.070757264772604,0.011844844152219593,5e-06
186499,10.073457923733391,0.011185325966216624,5e-06
186549,10.076158582694177,0.012635645102709531,5e-06
186599,10.078859241654964,0.00999875013716519,5e-06
186649,10.08155990061575,0.011075502582825721,5e-06
186699,10.084260559576537,0.012759511917829513,5e-06
186749,10.086961218537324,0.012627353696152567,5e-06
186799,10.08966187749811,0.012574401749297977,5e-06
186849,10.092362536458896,0.011202748459763824,5e-06
186899,10.095063195419682,0.014711785917170346,5e-06
186949,10.097763854380469,0.00937363002449274,5e-06
186999,10.100464513341255,0.012653157969471068,5e-06
187049,10.103165172302042,0.012492089029401542,5e-06
187099,10.105865831262829,0.010979762482456863,5e-06
187149,10.108566490223614,0.013162385416217148,5e-06
187199,10.111267149184402,0.013566448357887567,5e-06
187249,10.113967808145187,0.010982473376207053,5e-06
187299,10.116668467105974,0.011909623998217284,5e-06
187349,10.11936912606676,0.010345252710394562,5e-06
187399,10.122069785027547,0.01071554573252797,5e-06
187449,10.124770443988334,0.01005638726055622,5e-06
187499,10.12747110294912,0.011286796368658543,5e-06
187549,10.130171761909907,0.011896667312830686,5e-06
187599,10.132872420870692,0.011249912963248789,5e-06
187649,10.13557307983148,0.011941207903437317,5e-06
187699,10.138273738792265,0.010455136676318944,5e-06
187749,10.140974397753052,0.010832011993043124,5e-06
187799,10.143675056713839,0.011000123834237456,5e-06
187849,10.146375715674624,0.01141043529380113,5e-06
187899,10.149076374635412,0.01042415653821081,5e-06
187949,10.151777033596197,0.01029434527270496,5e-06
187999,10.154477692556984,0.011966997971758247,5e-06
188049,10.15717835151777,0.011885277205146849,5e-06
188099,10.159879010478557,0.011033635255880653,5e-06
188149,10.162579669439344,0.014156125076115132,5e-06
188199,10.16528032840013,0.010867339607793838,5e-06
188249,10.167980987360917,0.012152356132864951,5e-06
188299,10.170681646321702,0.01180686458479613,5e-06
188349,10.17338230528249,0.013002847814932465,5e-06
188399,10.176082964243275,0.011632895492948592,5e-06
188449,10.178783623204062,0.012949701650068163,5e-06
188499,10.181484282164849,0.011093559721484781,5e-06
188549,10.184184941125634,0.012814958924427628,5e-06
188599,10.186885600086422,0.0113994977530092,5e-06
188649,10.189586259047207,0.012362785334698857,5e-06
188699,10.192286918007994,0.010068619889207184,5e-06
188749,10.19498757696878,0.00985880037304014,5e-06
188799,10.197688235929567,0.012277841260656714,5e-06
188849,10.200388894890354,0.010840975390747189,5e-06
188899,10.20308955385114,0.011682112547568978,5e-06
188949,10.205790212811927,0.011042595256585628,5e-06
188999,10.208490871772712,0.011644814256578684,5e-06
189049,10.2111915307335,0.016297493395395577,5e-06
189099,10.213892189694285,0.012576032932847737,5e-06
189149,10.216592848655072,0.013269288092851638,5e-06
189199,10.219293507615859,0.0120345398504287,5e-06
189249,10.221994166576645,0.013729484216310085,5e-06
189299,10.224694825537432,0.011425183285027743,5e-06
189349,10.227395484498217,0.012051902152597905,5e-06
189399,10.230096143459004,0.010973482513800264,5e-06
189449,10.23279680241979,0.012455691969953477,5e-06
189499,10.235497461380577,0.013860962353646755,5e-06
189549,10.238198120341364,0.011592034455388785,5e-06
189599,10.24089877930215,0.012527228095568716,5e-06
189649,10.243599438262937,0.01414634362794459,5e-06
189699,10.246300097223722,0.010825868383981287,5e-06
189749,10.24900075618451,0.009999181437306106,5e-06
189799,10.251701415145295,0.009940975704230368,5e-06
189849,10.254402074106082,0.011527408263646066,5e-06
189899,10.25710273306687,0.011936586634255945,5e-06
189949,10.259803392027655,0.013262821258977056,5e-06
189999,10.262504050988442,0.011859750454314054,5e-06
190049,10.265204709949227,0.01037507243687287,5e-06
190099,10.267905368910014,0.011936554256826638,5e-06
190149,10.2706060278708,0.01304541656281799,5e-06
190199,10.273306686831587,0.01980789002031088,5e-06
190249,10.276007345792374,0.01142835381673649,5e-06
190299,10.27870800475316,0.011606327630579472,5e-06
190349,10.281408663713947,0.011227676989510655,5e-06
190399,10.284109322674732,0.011912140799686312,5e-06
190449,10.28680998163552,0.011336743622086943,5e-06
190499,10.289510640596305,0.013414683048613369,5e-06
190549,10.292211299557092,0.014839469911530614,5e-06
190599,10.29491195851788,0.013485450092703103,5e-06
190649,10.297612617478665,0.01168459613341838,5e-06
190699,10.300313276439452,0.011006880518980324,5e-06
190749,10.303013935400237,0.01061330052325502,5e-06
190799,10.305714594361024,0.013208783487789333,5e-06
190849,10.30841525332181,0.011579965874552726,5e-06
190899,10.311115912282597,0.011946636526845395,5e-06
190949,10.313816571243384,0.011305388044565916,5e-06
190999,10.31651723020417,0.011957201641052961,5e-06
191049,10.319217889164957,0.011564548276364803,5e-06
191099,10.321918548125742,0.012839384456165136,5e-06
191149,10.32461920708653,0.012057704608887434,5e-06
191199,10.327319866047315,0.011954794214107096,5e-06
191249,10.330020525008102,0.011213272432796658,5e-06
191299,10.33272118396889,0.010753935230895876,5e-06
191349,10.335421842929675,0.01018749714596197,5e-06
191399,10.338122501890462,0.01117074015084654,5e-06
191449,10.340823160851247,0.012564477901905775,5e-06
191499,10.343523819812035,0.01176265002693981,5e-06
191549,10.34622447877282,0.013249218619894237,5e-06
191599,10.348925137733607,0.012842092607170343,5e-06
191649,10.351625796694394,0.011022653905674815,5e-06
191699,10.35432645565518,0.01075067141558975,5e-06
191749,10.357027114615967,0.01111800824292004,5e-06
191799,10.359727773576752,0.011566911353729665,5e-06
191849,10.36242843253754,0.009816331011243164,5e-06
191899,10.365129091498325,0.011953977858647704,5e-06
191949,10.367829750459112,0.011416978645138442,5e-06
191999,10.3705304094199,0.011163844862021505,5e-06
192049,10.373231068380685,0.010359262372367084,5e-06
192099,10.375931727341472,0.011782457600347698,5e-06
192149,10.378632386302257,0.012200054940767585,5e-06
192199,10.381333045263045,0.012592480587773024,5e-06
192249,10.38403370422383,0.010898947641253471,5e-06
192299,10.386734363184617,0.01248495194595307,5e-06
192349,10.389435022145403,0.01154154011514038,5e-06
192399,10.39213568110619,0.011836167820729316,5e-06
192449,10.394836340066977,0.011818190612830222,5e-06
192499,10.397536999027762,0.011567934197373689,5e-06
192549,10.40023765798855,0.009844856578856706,5e-06
192599,10.402938316949335,0.01105935306288302,5e-06
192649,10.405638975910122,0.010995422729756683,5e-06
192699,10.408339634870908,0.014326252602040767,5e-06
192749,10.411040293831695,0.012728358642198146,5e-06
192799,10.413740952792482,0.010037440664600581,5e-06
192849,10.416441611753267,0.014551493669860065,5e-06
192899,10.419142270714055,0.011999895772896707,5e-06
192949,10.42184292967484,0.009610744894016534,5e-06
192999,10.424543588635627,0.012777025068644435,5e-06
193049,10.427244247596413,0.012731858664192259,5e-06
193099,10.4299449065572,0.011629314657766373,5e-06
193149,10.432645565517987,0.008580220984295011,5e-06
193199,10.435346224478772,0.01124084383714944,5e-06
193249,10.43804688343956,0.009344535674899816,5e-06
193299,10.440747542400345,0.010380698232911528,5e-06
193349,10.443448201361132,0.011911266995593906,5e-06
193399,10.446148860321918,0.011432284228503705,5e-06
193449,10.448849519282705,0.01301177939865738,5e-06
193499,10.451550178243492,0.010942062214016914,5e-06
193549,10.454250837204278,0.011910430109128355,5e-06
193599,10.456951496165065,0.011210793587379158,5e-06
193649,10.45965215512585,0.012606929973699152,5e-06
193699,10.462352814086637,0.012718285266309977,5e-06
193749,10.465053473047423,0.012481747101992369,5e-06
193799,10.46775413200821,0.008942192818503827,5e-06
193849,10.470454790968997,0.013595998594537377,5e-06
193899,10.473155449929783,0.010397300063632429,5e-06
193949,10.47585610889057,0.013043444789946079,5e-06
193999,10.478556767851355,0.011122177494689823,5e-06
194049,10.481257426812142,0.012792602623812854,5e-06
194099,10.483958085772928,0.012671152902767062,5e-06
194149,10.486658744733715,0.01178493840387091,5e-06
194199,10.489359403694502,0.01777010996825993,5e-06
194249,10.492060062655288,0.012564305393025279,5e-06
194299,10.494760721616075,0.011468831992242485,5e-06
194349,10.49746138057686,0.011951320478692651,5e-06
194399,10.500162039537647,0.01140145302284509,5e-06
194449,10.502862698498433,0.011004032231867314,5e-06
194499,10.50556335745922,0.012862557789776474,5e-06
194549,10.508264016420007,0.012914366000331938,5e-06
194599,10.510964675380793,0.009854921889491379,5e-06
194649,10.51366533434158,0.012268803059123456,5e-06
194699,10.516365993302365,0.013253281796351076,5e-06
194749,10.519066652263152,0.013472273191437125,5e-06
194799,10.521767311223938,0.011880529401823879,5e-06
194849,10.524467970184725,0.01168566281441599,5e-06
194899,10.527168629145512,0.010419224030338228,5e-06
194949,10.529869288106298,0.009469606103375555,5e-06
194999,10.532569947067085,0.011228974889963866,5e-06
195049,10.53527060602787,0.011964428075589239,5e-06
195099,10.537971264988657,0.010597392909694463,5e-06
195149,10.540671923949443,0.011329611102119087,5e-06
195199,10.54337258291023,0.013740167859941721,5e-06
195249,10.546073241871017,0.011603473813738673,5e-06
195299,10.548773900831803,0.01408601138740778,5e-06
195349,10.55147455979259,0.013114014454185963,5e-06
195399,10.554175218753375,0.010019307881593704,5e-06
195449,10.556875877714162,0.011407646909356117,5e-06
195499,10.559576536674948,0.014684224454686045,5e-06
195549,10.562277195635735,0.010745024238713086,5e-06
195599,10.564977854596522,0.01201648804359138,5e-06
195649,10.567678513557308,0.013082514572888613,5e-06
195699,10.570379172518095,0.011629184223711491,5e-06
195749,10.57307983147888,0.009584652686025947,5e-06
195799,10.575780490439668,0.01217381603550166,5e-06
195849,10.578481149400453,0.01148331368342042,5e-06
195899,10.58118180836124,0.012152437251061202,5e-06
195949,10.583882467322027,0.011551710995845496,5e-06
195999,10.586583126282813,0.009538530805148184,5e-06
196049,10.5892837852436,0.010038169086910784,5e-06
196099,10.591984444204385,0.011444559479132295,5e-06
196149,10.594685103165173,0.01162972663063556,5e-06
196199,10.597385762125958,0.011884189527481794,5e-06
196249,10.600086421086745,0.010531194284558296,5e-06
196299,10.602787080047532,0.012066608457826079,5e-06
196349,10.605487739008318,0.010484627101104706,5e-06
196399,10.608188397969105,0.0133160150796175,5e-06
196449,10.61088905692989,0.01115759898442775,5e-06
196499,10.613589715890678,0.009838458036538213,5e-06
196549,10.616290374851463,0.011180056459270418,5e-06
196599,10.61899103381225,0.010857045138254761,5e-06
196649,10.621691692773037,0.012190934256650507,5e-06
196699,10.624392351733823,0.01204600126016885,5e-06
196749,10.62709301069461,0.011101149008609354,5e-06
196799,10.629793669655395,0.009890834037214517,5e-06
196849,10.632494328616183,0.010260070324875414,5e-06
196899,10.635194987576968,0.01739693183451891,5e-06
196949,10.637895646537755,0.010792015306651592,5e-06
196999,10.640596305498542,0.012620055507868528,5e-06
197049,10.643296964459328,0.01323637992143631,5e-06
197099,10.645997623420115,0.011143491114489734,5e-06
197149,10.6486982823809,0.011353665548376739,5e-06
197199,10.651398941341688,0.01303076193202287,5e-06
197249,10.654099600302473,0.011910297079011797,5e-06
197299,10.65680025926326,0.011024983343668282,5e-06
197349,10.659500918224047,0.011843540109694004,5e-06
197399,10.662201577184833,0.010449536100495607,5e-06
197449,10.66490223614562,0.013258682093583047,5e-06
197499,10.667602895106405,0.010552519513294101,5e-06
197549,10.670303554067193,0.009945039278827608,5e-06
197599,10.673004213027978,0.012648223293945193,5e-06
197649,10.675704871988765,0.013052711542695761,5e-06
197699,10.678405530949552,0.01270139035768807,5e-06
197749,10.681106189910338,0.01234649398829788,5e-06
197799,10.683806848871125,0.011230882960371674,5e-06
197849,10.68650750783191,0.012187284776009619,5e-06
197899,10.689208166792698,0.012294903923757374,5e-06
197949,10.691908825753483,0.01082631201017648,5e-06
197999,10.69460948471427,0.01133246289100498,5e-06
198049,10.697310143675058,0.013828680752776563,5e-06
198099,10.700010802635843,0.01061712758615613,5e-06
198149,10.70271146159663,0.0108578210324049,5e-06
198199,10.705412120557416,0.011406593914143741,5e-06
198249,10.708112779518203,0.009455851898528635,5e-06
198299,10.710813438478988,0.012268042960204183,5e-06
198349,10.713514097439775,0.012011074619367719,5e-06
198399,10.716214756400563,0.010479231793433429,5e-06
198449,10.718915415361348,0.010872032770421355,5e-06
198499,10.721616074322135,0.01210273189470172,5e-06
198549,10.72431673328292,0.011400757017545402,5e-06
198599,10.727017392243708,0.01539647766854614,5e-06
198649,10.729718051204493,0.011106717027723789,5e-06
198699,10.73241871016528,0.010080125965178013,5e-06
198749,10.735119369126068,0.009964885439258069,5e-06
198799,10.737820028086853,0.011067455876618624,5e-06
198849,10.74052068704764,0.011349916795734317,5e-06
198899,10.743221346008426,0.01149747112300247,5e-06
198949,10.745922004969213,0.012919830856844783,5e-06
198999,10.748622663929998,0.01092553244670853,5e-06
199049,10.751323322890785,0.012443046192638576,5e-06
199099,10.754023981851573,0.012200235007330775,5e-06
199149,10.756724640812358,0.010543169069569558,5e-06
199199,10.759425299773145,0.012215118492022156,5e-06
199249,10.76212595873393,0.010204831967130304,5e-06
199299,10.764826617694718,0.016276492977049202,5e-06
199349,10.767527276655503,0.012705015745013952,5e-06
199399,10.77022793561629,0.011461640261113643,5e-06
199449,10.772928594577078,0.012389122545719146,5e-06
199499,10.775629253537863,0.010977178472094238,5e-06
199549,10.77832991249865,0.012917919675819576,5e-06
199599,10.781030571459436,0.010401416919194162,5e-06
199649,10.783731230420223,0.011040243832394481,5e-06
199699,10.786431889381008,0.010149983237497509,5e-06
199749,10.789132548341795,0.012112975097261369,5e-06
199799,10.791833207302583,0.011102222604677081,5e-06
199849,10.794533866263368,0.012036444912664592,5e-06
199899,10.797234525224155,0.010946669178083538,5e-06
199949,10.79993518418494,0.012295270645990968,5e-06
199999,10.802635843145728,0.011315944720990956,5e-06
